Date,Open,High,Low,Close,Volume,Returns,Anomaly
2016-02-18,,,,,,,
2016-02-19,,,,,,,
2016-02-22,259.75,264.3,249.0,251.6,1696047.0,-0.029320987654321007,1.0
2016-02-23,244.66666666666666,248.86666666666667,235.55,238.61666666666667,1739260.6666666667,-0.01844643652853136,1.0
2016-02-24,229.58333333333334,233.43333333333334,222.1,225.63333333333333,1782474.3333333333,-0.007571885402741712,1.0
2016-02-25,214.5,218.0,208.65,212.65,1825688.0,0.0033026657230479373,1.0
2016-02-26,204.25,207.325,194.825,199.925,2007133.5,-0.023101142386000806,1.0
2016-02-29,194.0,196.65,181.0,187.2,2188579.0,-0.04950495049504955,1.0
2016-03-01,186.25,200.9,183.55,195.5,2915016.0,0.0443376068376069,1.0
2016-03-02,197.7,201.0,193.85,197.25,1366882.0,0.008951406649616356,1.0
2016-03-03,219.2,227.7,214.925,218.075,2629825.5,0.009122936108923119,1.0
2016-03-04,240.7,254.4,236.0,238.9,3892769.0,0.009294465568229882,1.0
2016-03-08,243.0,253.325,236.55,238.8,2685002.0,-0.01919078836090804,1.0
2016-03-09,245.3,252.25,237.1,238.7,1477235.0,-0.04767604229004596,1.0
2016-03-10,237.85,248.9,236.05,238.15,1185890.0,-0.0023041474654377225,1.0
2016-03-11,238.5,248.5,232.2,242.1,1601972.0,0.016586185177409174,1.0
2016-03-14,242.6,246.0,236.5,238.5,689973.0,-0.014869888475836368,1.0
2016-03-15,240.0,242.4,234.2,234.95,432483.0,-0.01488469601677156,1.0
2016-03-16,235.9,237.0,230.15,231.2,361690.0,-0.015960842732496316,1.0
2016-03-17,233.0,241.0,232.55,235.55,689446.0,0.01881487889273359,1.0
2016-03-18,235.0,236.3,216.2,219.7,900272.0,-0.06728932286138833,1.0
2016-03-21,221.0,222.05,209.0,211.6,1373422.0,-0.03686845698680019,1.0
2016-03-22,212.4,224.9,211.6,218.9,1123135.0,0.03449905482041604,1.0
2016-03-23,218.5,230.5,218.0,225.15,1047181.0,0.028551850159890257,1.0
2016-03-28,225.3,227.4,216.0,217.15,701827.0,-0.035531867643793014,1.0
2016-03-29,217.15,219.8,212.95,214.2,425861.0,-0.01358507943817644,1.0
2016-03-30,218.0,221.7,216.3,217.05,323080.0,0.013305322128851715,1.0
2016-03-31,218.55,219.95,214.0,217.7,367950.0,0.0029947016816400662,1.0
2016-04-01,218.0,227.6,216.55,224.6,781281.0,0.031694993109784075,1.0
2016-04-04,225.3,229.5,223.05,225.1,281481.0,0.0022261798753340223,1.0
2016-04-05,225.0,225.0,217.1,218.55,176171.0,-0.029098178587294465,1.0
2016-04-06,219.0,222.3,216.6,218.35,188413.0,-0.0009151223976207046,1.0
2016-04-07,218.5,221.4,215.75,216.75,154005.0,-0.007327684909548826,1.0
2016-04-08,216.5,219.9,214.75,215.4,205650.0,-0.00622837370242213,1.0
2016-04-11,215.9,235.7,210.0,225.7,2541255.0,0.04781801299907151,1.0
2016-04-12,226.9,228.3,222.0,223.0,331807.0,-0.011962782454585708,1.0
2016-04-13,225.0,225.95,220.6,221.65,230440.0,-0.0060538116591928315,1.0
2016-04-18,223.0,244.75,223.0,239.65,1846792.0,0.08120911346717796,1.0
2016-04-20,239.0,255.95,238.5,246.05,1812143.0,0.02670561235134583,1.0
2016-04-21,248.7,250.75,240.5,242.9,651342.0,-0.012802275960170695,1.0
2016-04-22,241.9,259.25,240.4,250.9,1556566.0,0.03293536434746813,1.0
2016-04-25,253.0,264.7,252.0,262.95,1545035.0,0.048027102431247526,1.0
2016-04-26,263.7,282.1,262.0,274.75,3305320.0,0.04487545160676931,1.0
2016-04-27,276.0,279.7,268.4,273.7,969874.0,-0.003821656050955413,1.0
2016-04-28,272.85,278.85,262.1,264.1,787152.0,-0.03507489952502729,1.0
2016-04-29,265.0,272.3,257.2,260.65,869160.0,-0.013063233623627601,1.0
2016-05-02,261.1,271.9,261.1,269.15,619797.0,0.032610780740456535,1.0
2016-05-03,272.0,277.3,264.1,265.4,732575.0,-0.013932751253947662,1.0
2016-05-04,265.1,269.3,260.1,262.0,383195.0,-0.012810851544837853,1.0
2016-05-05,262.9,270.2,261.7,266.85,506382.0,0.01851145038167945,1.0
2016-05-06,267.5,267.9,262.2,264.9,296637.0,-0.00730747611017446,1.0
2016-05-09,267.4,274.95,265.0,273.8,681923.0,0.03359758399396018,1.0
2016-05-10,274.8,276.45,270.55,272.55,388232.0,-0.004565376186997816,1.0
2016-05-11,268.1,274.7,265.25,268.15,435154.0,-0.016143826820766982,1.0
2016-05-12,274.9,278.9,255.3,256.3,2165091.0,-0.044191683759089884,1.0
2016-05-13,257.0,258.9,242.5,243.65,964631.0,-0.04935622317596566,1.0
2016-05-16,244.9,250.95,240.25,248.65,744696.0,0.02052123948286466,1.0
2016-05-17,249.35,258.4,245.35,256.65,717349.0,0.0321737381862055,1.0
2016-05-18,255.6,262.8,254.6,257.5,504584.0,0.003311903370348812,1.0
2016-05-19,256.35,258.8,246.5,248.1,284752.0,-0.03650485436893203,1.0
2016-05-20,248.2,251.0,240.65,241.45,344956.0,-0.026803708182184582,1.0
2016-05-23,243.0,244.7,198.0,223.85,408141.0,-0.07289293849658307,1.0
2016-05-24,229.8,233.75,225.0,229.5,453830.0,0.02524011614920707,1.0
2016-05-25,232.45,234.4,227.5,228.25,260357.0,-0.005446623093681935,1.0
2016-05-26,229.6,238.0,227.0,231.5,475665.0,0.014238773274917849,1.0
2016-05-27,233.0,236.8,230.0,233.1,374461.0,0.006911447084233302,1.0
2016-05-30,234.8,239.2,229.0,230.8,368198.0,-0.009867009867009835,1.0
2016-05-31,231.5,232.8,227.0,228.75,286083.0,-0.008882149046793852,1.0
2016-06-01,228.75,238.4,228.75,236.25,381717.0,0.032786885245901676,1.0
2016-06-02,237.5,238.6,231.3,232.75,278835.0,-0.014814814814814836,1.0
2016-06-03,233.0,247.8,232.8,239.0,832192.0,0.02685284640171859,1.0
2016-06-06,239.25,245.95,235.1,244.0,427863.0,0.02092050209205021,1.0
2016-06-07,245.0,248.5,236.65,241.9,436003.0,-0.008606557377049184,1.0
2016-06-08,242.2,247.8,240.75,246.1,314891.0,0.01736254650682101,1.0
2016-06-09,245.9,247.65,241.5,242.75,256813.0,-0.013612352702153552,1.0
2016-06-10,242.4,251.75,241.65,246.0,473242.0,0.013388259526261548,1.0
2016-06-13,243.75,253.9,242.25,252.55,472657.0,0.02662601626016259,1.0
2016-06-14,253.2,260.4,251.6,255.3,561755.0,0.010888932884577374,1.0
2016-06-15,257.0,272.4,257.0,261.45,1041711.0,0.024089306698002355,1.0
2016-06-16,262.2,268.3,258.35,265.7,469798.0,0.01625549818320904,1.0
2016-06-17,267.5,275.0,263.5,274.0,837037.0,0.03123823861497943,1.0
2016-06-20,272.9,278.3,266.6,268.15,491162.0,-0.021350364963503732,1.0
2016-06-21,270.9,273.45,265.65,267.25,287705.0,-0.0033563304120827198,1.0
2016-06-22,268.05,269.75,260.7,262.0,188433.0,-0.019644527595883976,1.0
2016-06-23,262.4,263.0,255.05,257.8,149969.0,-0.016030534351144987,1.0
2016-06-24,250.95,267.5,239.5,262.85,407912.0,0.019588828549263138,1.0
2016-06-27,262.35,268.45,260.6,263.25,272904.0,0.0015217804831653137,1.0
2016-06-28,263.6,267.7,260.35,261.2,204199.0,-0.007787274453941118,1.0
2016-06-29,261.85,268.0,261.85,263.65,283075.0,0.009379785604900492,1.0
2016-06-30,265.4,274.9,265.05,270.1,616247.0,0.02446425184904255,1.0
2016-07-01,273.7,277.0,267.0,268.15,395227.0,-0.007219548315438917,1.0
2016-07-04,269.0,273.6,265.8,268.7,257047.0,0.0020510908073838596,1.0
2016-07-05,269.25,285.9,266.8,281.4,1133280.0,0.04726460736881277,1.0
2016-07-07,286.0,294.5,284.5,292.6,1310040.0,0.039800995024875885,1.0
2016-07-08,293.55,297.25,285.55,287.75,641235.0,-0.016575529733424577,1.0
2016-07-11,290.0,292.0,284.7,287.35,300420.0,-0.0013900955690703265,1.0
2016-07-12,287.95,288.35,278.3,281.25,330782.0,-0.021228467026274678,1.0
2016-07-13,281.95,286.3,276.9,278.35,321977.0,-0.010311111111111049,1.0
2016-07-14,279.95,283.3,276.3,280.75,281387.0,0.008622238189329945,1.0
2016-07-15,281.0,281.9,273.0,274.25,233165.0,-0.02315227070347281,1.0
2016-07-18,275.0,276.95,249.5,252.25,842339.0,-0.08021877848678216,1.0
2016-07-19,253.0,259.75,249.85,258.3,328636.0,0.023984142715560042,1.0
2016-07-20,259.0,263.6,254.9,262.25,229705.0,0.015292295780100718,1.0
2016-07-21,260.8,265.75,257.2,259.05,223167.0,-0.012202097235462284,1.0
2016-07-22,260.0,265.65,259.0,263.25,163514.0,0.01621308627678042,1.0
2016-07-25,264.8,276.4,261.05,272.65,412158.0,0.035707502374168865,1.0
2016-07-26,273.1,276.0,262.2,263.5,219249.0,-0.03355950852741607,1.0
2016-07-27,264.9,272.8,263.45,271.3,206411.0,0.02960151802656541,1.0
2016-07-28,272.0,282.95,270.7,280.15,362032.0,0.03262071507556197,1.0
2016-07-29,280.45,281.5,273.1,274.85,163352.0,-0.018918436551847106,1.0
2016-08-01,276.0,277.3,265.0,267.2,153830.0,-0.027833363652901677,1.0
2016-08-02,268.9,275.0,264.5,266.85,210563.0,-0.001309880239520833,1.0
2016-08-03,267.7,268.7,258.65,260.5,133242.0,-0.023796140153644507,1.0
2016-08-04,262.0,273.65,262.0,266.25,233039.0,0.02207293666026877,1.0
2016-08-05,270.95,276.0,268.55,270.65,297364.0,0.01652582159624405,1.0
2016-08-08,245.15,258.9,243.45,251.8,691498.0,-0.06964714576020681,1.0
2016-08-09,252.0,256.7,248.55,250.1,234487.0,-0.006751389992057266,1.0
2016-08-10,249.05,252.9,243.5,245.15,151986.0,-0.01979208316673331,1.0
2016-08-11,245.0,249.5,240.05,240.6,157697.0,-0.018560065266163606,1.0
2016-08-12,242.0,247.4,239.6,240.8,109568.0,0.0008312551953451042,1.0
2016-08-16,241.3,246.0,238.1,243.3,101531.0,0.010382059800664534,1.0
2016-08-17,242.75,244.4,237.6,238.6,139806.0,-0.01931771475544597,1.0
2016-08-18,239.4,244.75,238.0,239.7,216598.0,0.0046102263202012495,1.0
2016-08-19,240.0,246.7,240.0,244.45,211905.0,0.019816437213183047,1.0
2016-08-22,245.15,245.3,240.4,241.35,71707.0,-0.012681529965228089,1.0
2016-08-23,241.45,244.8,239.0,240.25,73408.0,-0.004557696291692559,1.0
2016-08-24,240.7,243.95,239.1,239.95,63056.0,-0.001248699271592102,1.0
2016-08-25,240.2,243.4,236.0,236.55,137023.0,-0.014169618670556217,1.0
2016-08-26,238.0,239.4,234.0,234.95,54789.0,-0.006763897696047461,1.0
2016-08-29,235.0,237.95,234.05,235.05,64794.0,0.0004256224728667046,1.0
2016-08-30,236.25,243.5,235.1,241.9,157470.0,0.029142735588172597,1.0
2016-08-31,242.1,249.0,240.35,241.7,228180.0,-0.0008267879288963442,1.0
2016-09-01,242.0,243.45,237.0,238.05,58047.0,-0.015101365328920036,1.0
2016-09-02,238.0,243.0,236.5,237.25,79016.0,-0.0033606385213190704,1.0
2016-09-06,237.95,241.95,236.1,236.9,105729.0,-0.0014752370916754076,1.0
2016-09-07,237.5,241.65,237.35,239.35,83999.0,0.010341916420430586,1.0
2016-09-08,240.0,240.1,235.0,235.9,84408.0,-0.014414038019636477,1.0
2016-09-09,235.0,236.75,228.65,229.85,173423.0,-0.025646460364561308,1.0
2016-09-12,226.0,231.8,224.0,224.6,154060.0,-0.022840983249945657,1.0
2016-09-14,225.5,229.3,224.45,225.5,153128.0,0.004007123775601196,1.0
2016-09-15,225.75,228.05,224.1,225.1,64674.0,-0.0017738359201774356,1.0
2016-09-16,226.35,232.0,222.6,226.65,352866.0,0.006885828520657444,1.0
2016-09-19,227.3,227.4,224.3,225.3,86932.0,-0.005956320317670349,1.0
2016-09-20,225.4,226.95,221.3,222.7,69175.0,-0.011540168664003647,1.0
2016-09-21,222.45,224.0,220.2,221.55,73004.0,-0.005163897620116598,1.0
2016-09-22,224.0,233.45,221.2,232.35,312048.0,0.04874746106973582,1.0
2016-09-23,230.0,236.4,230.0,231.0,198356.0,-0.005810200129115484,1.0
2016-09-26,231.45,237.4,228.0,230.95,116903.0,-0.00021645021645022577,1.0
2016-09-27,232.6,234.4,227.65,228.6,69214.0,-0.010175362632604434,1.0
2016-09-28,228.1,236.7,228.1,229.7,185067.0,0.00481189851268593,1.0
2016-09-29,230.2,231.95,209.35,217.1,170344.0,-0.054854157596865405,1.0
2016-09-30,217.3,221.6,215.8,218.95,66176.0,0.00852141870105938,1.0
2016-10-03,219.4,230.0,219.4,228.55,143601.0,0.04384562685544657,1.0
2016-10-04,227.4,236.5,227.4,231.45,257375.0,0.012688689564646527,1.0
2016-10-05,232.3,234.55,229.8,231.25,76941.0,-0.0008641175199827211,1.0
2016-10-06,231.6,247.3,231.05,240.65,675310.0,0.04064864864864859,1.0
2016-10-07,240.05,242.95,235.6,238.15,131829.0,-0.010388531061707895,1.0
2016-10-10,238.4,239.35,233.6,234.25,77259.0,-0.016376233466302792,1.0
2016-10-13,233.2,233.7,225.55,228.95,118384.0,-0.022625400213447167,1.0
2016-10-14,229.9,232.5,229.2,231.9,63475.0,0.012884909368857889,1.0
2016-10-17,230.6,237.0,228.75,234.35,129916.0,0.010564898663216749,1.0
2016-10-18,233.5,256.8,233.5,253.7,926328.0,0.08256880733944949,1.0
2016-10-19,253.85,254.8,245.2,246.0,346707.0,-0.030350808040993216,1.0
2016-10-20,247.0,251.05,241.25,246.1,442090.0,0.0004065040650407248,1.0
2016-10-21,246.1,262.3,246.1,256.85,776034.0,0.043681430312880964,1.0
2016-10-24,256.0,266.35,252.5,256.9,505477.0,0.0001946661475566991,1.0
2016-10-25,258.15,258.85,252.0,253.4,121296.0,-0.013623978201634745,1.0
2016-10-26,252.05,257.7,247.05,250.65,182795.0,-0.010852407261247032,1.0
2016-10-27,249.1,258.3,249.1,254.15,331101.0,0.013963694394574011,1.0
2016-10-28,252.45,257.65,252.05,253.3,109960.0,-0.0033444816053511683,1.0
2016-10-30,258.0,261.7,255.4,258.8,188860.0,0.02171338333991324,1.0
2016-11-01,258.0,262.5,254.55,255.55,378993.0,-0.012557959814528563,1.0
2016-11-02,252.3,254.15,246.1,247.15,114891.0,-0.03287027978869106,1.0
2016-11-03,246.0,252.0,241.1,241.6,114732.0,-0.022455998381549658,1.0
2016-11-04,241.95,242.75,228.1,232.95,138003.0,-0.03580298013245031,1.0
2016-11-07,235.25,240.9,235.25,238.75,91389.0,0.024898046791157036,1.0
2016-11-08,239.0,240.8,235.65,236.35,46653.0,-0.010052356020942455,1.0
2016-11-09,210.0,231.35,201.0,227.7,142961.0,-0.03659826528453569,1.0
2016-11-10,229.9,243.2,229.9,237.4,112399.0,0.042599912165129705,1.0
2016-11-11,230.2,236.65,228.1,229.85,94414.0,-0.03180286436394275,1.0
2016-11-15,240.0,257.0,232.25,237.3,699811.0,0.03241244289754186,1.0
2016-11-16,241.5,242.65,231.3,234.15,122748.0,-0.013274336283185861,1.0
2016-11-17,235.5,239.0,230.0,231.65,79752.0,-0.010676916506512923,1.0
2016-11-18,231.2,239.4,229.4,233.2,159518.0,0.006691128858191231,1.0
2016-11-21,231.05,234.7,221.5,223.45,109409.0,-0.04180960548885082,1.0
2016-11-22,225.35,234.0,221.75,226.05,74888.0,0.011635712687402266,1.0
2016-11-23,228.2,234.5,226.4,232.3,88775.0,0.0276487502764875,1.0
2016-11-24,230.25,236.35,228.8,231.25,84475.0,-0.004520017219113215,1.0
2016-11-25,231.6,237.7,231.6,235.75,119465.0,0.019459459459459483,1.0
2016-11-28,236.0,238.5,232.3,234.9,103234.0,-0.003605514316012748,1.0
2016-11-29,235.8,239.0,231.2,232.45,90437.0,-0.010429970200085181,1.0
2016-11-30,232.9,239.4,232.9,235.55,172134.0,0.013336201333620235,1.0
2016-12-01,237.5,238.2,226.4,227.7,148233.0,-0.033326257694757055,1.0
2016-12-02,227.05,231.35,225.35,226.35,104274.0,-0.005928853754940677,1.0
2016-12-05,226.5,230.65,226.5,228.8,65593.0,0.010823945217583564,1.0
2016-12-06,230.4,247.0,229.1,244.45,485849.0,0.06840034965034958,1.0
2016-12-07,246.05,255.8,242.75,246.0,610114.0,0.0063407649826141554,1.0
2016-12-08,255.70000000000002,268.15000000000003,252.86666666666667,258.68333333333334,1332815.0,0.01613844982432555,1.0
2016-12-09,265.35,280.5,262.98333333333335,271.3666666666667,2055516.0,0.025936134666036947,1.0
2016-12-12,275.0,292.85,273.1,284.05,2778217.0,0.03573381950774834,1.0
2016-12-13,285.05,285.95,272.1,273.8,812976.0,-0.036085196268262676,1.0
2016-12-14,274.8,286.4,272.5,273.75,1756749.0,-0.0001826150474799615,1.0
2016-12-15,270.2,282.4,270.0,275.75,756446.0,0.007305936073059405,1.0
2016-12-16,277.9,280.75,271.95,273.15,431580.0,-0.009428830462375415,1.0
2016-12-19,276.7,280.05,271.9,273.0,686112.0,-0.000549148819329992,1.0
2016-12-20,274.55,279.0,262.0,263.65,683598.0,-0.03424908424908435,1.0
2016-12-21,265.25,268.4,262.0,262.65,319482.0,-0.003792907263417411,1.0
2016-12-22,262.0,263.65,252.8,254.35,378736.0,-0.03160098991052729,1.0
2016-12-23,254.0,259.45,251.1,252.5,476302.0,-0.007273442107332384,1.0
2016-12-26,250.5,252.4,242.2,243.65,319359.0,-0.03504950495049508,1.0
2016-12-27,244.25,249.7,242.25,247.6,418787.0,0.016211779191463105,1.0
2016-12-28,248.8,259.1,248.6,251.1,534022.0,0.014135702746365109,1.0
2016-12-29,252.1,254.5,247.2,249.85,269781.0,-0.0049780963759458174,1.0
2016-12-30,251.0,255.9,250.05,250.9,385043.0,0.004202521512907786,1.0
2017-01-02,251.1,262.4,248.6,260.0,573657.0,0.03626943005181338,1.0
2017-01-03,261.3,265.0,257.6,260.8,365907.0,0.0030769230769231992,1.0
2017-01-04,261.5,269.65,261.5,264.65,373352.0,0.014762269938650263,1.0
2017-01-05,270.6,271.85,266.0,268.1,360428.0,0.01303608539580603,1.0
2017-01-06,268.1,269.35,254.7,256.35,455942.0,-0.04382693024990669,1.0
2017-01-09,257.7,260.2,253.5,257.55,252482.0,0.004681100058513632,1.0
2017-01-10,255.9,263.25,255.9,259.55,331572.0,0.007765482430595938,1.0
2017-01-11,260.5,261.4,254.6,255.65,240019.0,-0.015026006549797799,1.0
2017-01-12,256.8,259.7,252.0,253.45,250902.0,-0.008605515353021786,1.0
2017-01-13,254.7,264.7,252.3,257.9,814785.0,0.017557703689090598,1.0
2017-01-16,258.7,263.95,256.2,261.0,237825.0,0.01202016285381946,1.0
2017-01-17,262.0,269.8,259.0,265.35,716439.0,0.01666666666666683,1.0
2017-01-18,266.0,269.5,263.25,264.3,259465.0,-0.003957037874505409,1.0
2017-01-19,264.0,277.5,263.6,276.15,1365856.0,0.04483541430192939,1.0
2017-01-20,276.4,282.3,265.55,267.6,939338.0,-0.030961434003258903,1.0
2017-01-23,266.0,272.8,265.1,268.25,226808.0,0.0024289985052317054,1.0
2017-01-24,268.5,274.75,268.0,270.35,265325.0,0.007828518173345955,1.0
2017-01-25,274.0,276.7,270.3,271.5,329535.0,0.004253745145182064,1.0
2017-01-27,273.0,274.0,268.0,269.1,215349.0,-0.008839779005524795,1.0
2017-01-30,268.5,275.45,268.5,273.8,345389.0,0.017465626161278225,1.0
2017-01-31,276.0,276.4,266.1,267.75,373556.0,-0.022096420745069456,1.0
2017-02-01,268.05,273.0,262.4,270.5,525125.0,0.010270774976657293,1.0
2017-02-02,269.9,274.4,268.0,272.55,267332.0,0.007578558225508347,1.0
2017-02-03,272.45,285.5,272.0,278.0,1136884.0,0.01999633094844988,1.0
2017-02-06,265.0,269.35,260.3,264.6,689848.0,-0.04820143884892081,1.0
2017-02-07,265.45,269.8,259.0,261.5,207613.0,-0.011715797430083219,1.0
2017-02-08,262.9,266.0,259.2,262.3,350506.0,0.003059273422562292,1.0
2017-02-09,264.7,264.95,259.2,260.35,149282.0,-0.007434235608082318,1.0
2017-02-10,262.5,265.65,260.3,261.9,140230.0,0.0059535241021699825,1.0
2017-02-13,263.9,263.9,256.55,258.2,146383.0,-0.01412752959144703,1.0
2017-02-14,258.4,259.0,251.55,252.1,188613.0,-0.023625096824167247,1.0
2017-02-15,253.35,256.3,249.1,250.1,220552.0,-0.007933359777865912,1.0
2017-02-16,251.1,253.65,248.6,251.15,94999.0,0.004198320671731315,1.0
2017-02-17,251.45,255.7,251.45,252.25,108295.0,0.004379852677682594,1.0
2017-02-20,252.25,255.4,252.0,253.2,91058.0,0.003766105054509472,1.0
2017-02-21,253.0,259.8,252.7,257.85,201026.0,0.018364928909952782,1.0
2017-02-22,255.55,261.25,252.1,252.7,169256.0,-0.019972852433585597,1.0
2017-02-23,253.3,254.6,250.2,250.8,170496.0,-0.007518796992481147,1.0
2017-02-27,250.5,252.3,247.0,247.85,150736.0,-0.011762360446571085,1.0
2017-02-28,248.0,253.5,247.0,248.05,247422.0,0.0008069396812588892,1.0
2017-03-01,248.35,251.45,247.0,247.5,167635.0,-0.0022172949002218223,1.0
2017-03-02,248.8,249.4,244.0,245.35,193545.0,-0.008686868686868743,1.0
2017-03-03,245.0,246.8,243.1,244.15,75557.0,-0.004890972080700995,1.0
2017-03-06,247.4,248.5,244.1,244.85,123292.0,0.0028670899037477326,1.0
2017-03-07,244.6,245.95,240.35,241.1,153181.0,-0.015315499285276646,1.0
2017-03-08,242.5,244.5,239.0,239.9,194968.0,-0.004977187888842716,1.0
2017-03-09,239.05,242.5,238.5,239.15,91086.0,-0.0031263026260942572,1.0
2017-03-10,240.55,243.8,239.15,240.55,90358.0,0.005854066485469378,1.0
2017-03-14,243.3,249.9,242.0,242.7,260186.0,0.008937850758677923,1.0
2017-03-15,243.35,247.6,242.45,243.5,127926.0,0.003296250515039123,1.0
2017-03-16,244.1,247.4,243.0,243.5,150246.0,0.0,1.0
2017-03-17,244.05,246.1,238.7,239.5,197697.0,-0.01642710472279263,1.0
2017-03-20,239.5,241.0,238.1,238.6,134912.0,-0.003757828810020847,1.0
2017-03-21,239.55,239.8,232.55,234.9,159553.0,-0.015507124895222102,1.0
2017-03-22,233.45,245.45,232.2,238.45,444890.0,0.015112813963388705,1.0
2017-03-23,239.7,241.5,236.75,238.1,209163.0,-0.0014678129586914723,1.0
2017-03-24,239.0,243.3,238.0,238.45,345289.0,0.0014699706005880664,1.0
2017-03-27,237.9,239.6,236.05,237.05,124637.0,-0.005871251834766111,1.0
2017-03-28,237.3,241.0,236.5,237.6,162326.0,0.002320185614849146,1.0
2017-03-29,238.05,239.0,235.0,236.5,171408.0,-0.00462962962962965,1.0
2017-03-30,236.95,239.35,236.3,237.25,165991.0,0.003171247357293794,1.0
2017-03-31,237.4,238.8,235.35,236.3,138831.0,-0.004004214963118979,1.0
2017-04-03,236.9,242.45,236.9,238.8,399107.0,0.010579771476936006,1.0
2017-04-05,239.05,252.9,239.05,250.5,789661.0,0.04899497487437188,1.0
2017-04-06,248.6,252.7,246.6,247.45,167676.0,-0.01217564870259491,1.0
2017-04-07,245.85,260.85,244.2,252.9,881384.0,0.02202465144473642,1.0
2017-04-10,253.3,263.3,253.3,255.8,604570.0,0.011466982997232034,1.0
2017-04-11,256.0,259.35,253.35,254.75,206489.0,-0.004104769351055526,1.0
2017-04-12,255.4,255.4,244.05,249.4,311872.0,-0.021000981354268866,1.0
2017-04-13,248.15,254.6,246.65,250.5,219754.0,0.004410585404971856,1.0
2017-04-17,250.3,253.0,247.7,249.1,141690.0,-0.005588822355289458,1.0
2017-04-18,250.0,257.7,244.1,246.5,326379.0,-0.010437575270975441,1.0
2017-04-19,246.0,247.7,240.35,243.6,233031.0,-0.01176470588235301,1.0
2017-04-20,244.7,248.8,244.3,245.85,137295.0,0.009236453201970418,1.0
2017-04-21,246.1,250.6,243.2,246.3,172653.0,0.0018303843807199183,1.0
2017-04-24,245.95,249.5,243.3,244.25,110537.0,-0.008323183110028443,1.0
2017-04-25,245.7,249.8,245.5,247.6,141240.0,0.013715455475946658,1.0
2017-04-26,249.9,251.6,244.3,245.45,236815.0,-0.008683360258481487,1.0
2017-04-27,246.5,250.5,243.0,246.35,183507.0,0.0036667345691587805,1.0
2017-04-28,246.95,249.0,244.1,245.7,87736.0,-0.0026385224274406704,1.0
2017-05-02,246.0,248.0,242.25,242.8,125565.0,-0.011803011803011687,1.0
2017-05-03,243.15,248.0,241.65,247.05,138373.0,0.01750411861614487,1.0
2017-05-04,248.3,248.7,244.0,245.1,95836.0,-0.00789313904068012,1.0
2017-05-05,244.1,245.65,237.6,239.15,139977.0,-0.024275805793553595,1.0
2017-05-08,241.45,243.2,240.05,241.5,80059.0,0.009826468743466377,1.0
2017-05-09,242.5,244.4,241.5,243.15,72849.0,0.006832298136645987,1.0
2017-05-10,242.95,244.6,241.95,242.55,95417.0,-0.002467612584824197,1.0
2017-05-11,242.9,245.5,242.0,244.25,164846.0,0.007008864151721195,1.0
2017-05-12,244.3,245.0,237.4,240.95,163143.0,-0.013510747185261018,1.0
2017-05-15,244.0,244.0,232.6,233.4,1019889.0,-0.03133430172234897,1.0
2017-05-16,235.95,241.3,233.3,234.5,670430.0,0.0047129391602398485,1.0
2017-05-17,234.6,236.7,231.0,232.1,250828.0,-0.010234541577825218,1.0
2017-05-18,230.0,230.85,223.0,223.95,251120.0,-0.03511417492460145,1.0
2017-05-19,224.8,226.85,217.0,217.95,221423.0,-0.02679169457468189,1.0
2017-05-22,218.5,220.5,215.0,216.2,97324.0,-0.008029364533149841,1.0
2017-05-23,216.4,217.1,208.05,211.55,233445.0,-0.021507863089731627,1.0
2017-05-24,211.5,213.75,203.5,204.5,145478.0,-0.033325454975183244,1.0
2017-05-25,205.15,209.8,205.0,209.05,124316.0,0.022249388753056376,1.0
2017-05-26,209.1,215.7,209.1,212.75,132167.0,0.017699115044247815,1.0
2017-05-29,213.3,214.9,204.5,205.45,111769.0,-0.03431257344300831,1.0
2017-05-30,204.0,205.5,201.0,203.05,91250.0,-0.011681674373326678,1.0
2017-05-31,203.45,209.9,203.45,209.0,88863.0,0.029303127308544674,1.0
2017-06-01,208.5,219.65,208.5,218.1,312459.0,0.043540669856459324,1.0
2017-06-02,219.0,220.75,214.1,214.6,109696.0,-0.016047684548372354,1.0
2017-06-05,215.2,218.7,213.9,216.25,97937.0,0.007688723205964587,1.0
2017-06-06,215.35,223.9,215.0,216.5,203062.0,0.0011560693641619046,1.0
2017-06-07,216.0,218.8,210.2,213.3,108231.0,-0.014780600461893667,1.0
2017-06-08,213.1,215.5,212.1,213.8,80184.0,0.002344116268166996,1.0
2017-06-09,213.4,215.0,211.9,214.15,63819.0,0.0016370439663235814,1.0
2017-06-12,212.9,214.3,209.25,210.1,77760.0,-0.01891197758580443,1.0
2017-06-13,210.0,212.9,205.6,207.15,120055.0,-0.014040932889100355,1.0
2017-06-14,209.0,213.35,208.2,210.25,153146.0,0.014965001206854955,1.0
2017-06-15,209.5,213.0,209.45,210.35,101084.0,0.00047562425683711496,1.0
2017-06-16,210.4,214.7,210.05,211.5,200246.0,0.005467078678393245,1.0
2017-06-19,213.65,217.5,210.5,211.45,177824.0,-0.00023640661938539864,1.0
2017-06-20,211.55,213.7,208.0,210.35,115639.0,-0.0052021754551903054,1.0
2017-06-21,210.1,211.7,207.55,208.5,141907.0,-0.008794865700023746,1.0
2017-06-22,209.25,215.4,209.25,211.65,233614.0,0.015107913669064832,1.0
2017-06-23,210.85,212.5,206.6,207.65,100937.0,-0.018899125915426418,1.0
2017-06-27,207.9,209.5,205.25,206.8,87761.0,-0.004093426438719017,1.0
2017-06-28,209.3,212.0,208.0,208.5,198037.0,0.00822050290135401,1.0
2017-06-29,208.9,212.4,207.9,208.7,114140.0,0.0009592326139087337,1.0
2017-06-30,207.25,209.3,206.0,206.45,76852.0,-0.010781025395304233,1.0
2017-07-03,206.0,208.7,205.85,206.75,113179.0,0.0014531363526277818,1.0
2017-07-04,206.95,209.3,204.3,204.85,130738.0,-0.009189842805320425,1.0
2017-07-05,205.45,206.1,201.1,202.0,295567.0,-0.013912618989504466,1.0
2017-07-06,203.1,205.9,202.5,204.1,174460.0,0.010396039603960405,1.0
2017-07-07,204.5,224.7,203.55,221.35,1233781.0,0.08451739343459086,1.0
2017-07-10,225.0,225.0,218.35,219.2,40323.0,-0.009713124011746177,1.0
2017-07-11,219.5,230.95,215.0,224.3,780443.0,0.023266423357664268,1.0
2017-07-12,225.0,227.9,220.25,222.65,208223.0,-0.007356219349086035,1.0
2017-07-13,223.25,231.5,222.0,227.55,385547.0,0.022007635302043527,1.0
2017-07-14,228.1,228.55,220.7,221.9,273818.0,-0.024829707756537034,1.0
2017-07-17,222.2,225.8,220.85,222.5,125610.0,0.002703920684993255,1.0
2017-07-18,224.95,228.75,223.65,225.0,241091.0,0.011235955056179803,1.0
2017-07-19,225.5,230.4,225.4,226.65,138200.0,0.007333333333333414,1.0
2017-07-20,226.9,228.45,224.05,225.2,178546.0,-0.006397529230090515,1.0
2017-07-21,225.2,226.5,218.65,221.9,144445.0,-0.014653641207815205,1.0
2017-07-24,222.6,224.9,219.1,220.15,78921.0,-0.007886435331230235,1.0
2017-07-25,219.7,222.0,216.25,218.9,83233.0,-0.0056779468544174705,1.0
2017-07-26,219.05,221.85,217.0,218.15,65372.0,-0.003426222019186853,1.0
2017-07-27,218.0,220.0,213.0,213.75,119831.0,-0.020169608067843292,1.0
2017-07-28,213.0,216.75,213.0,214.1,71726.0,0.0016374269005847708,1.0
2017-07-31,214.4,214.9,212.0,212.85,82429.0,-0.0058383932741709055,1.0
2017-08-01,213.0,217.0,213.0,213.75,76428.0,0.0042283298097252064,1.0
2017-08-02,213.65,215.0,210.25,211.35,70064.0,-0.011228070175438587,1.0
2017-08-03,209.25,211.8,207.3,208.0,68631.0,-0.015850484977525392,1.0
2017-08-04,208.0,212.9,206.25,209.35,113170.0,0.006490384615384537,1.0
2017-08-07,210.5,213.5,210.15,212.4,84073.0,0.014568903749701434,1.0
2017-08-08,212.6,213.85,208.2,209.25,49663.0,-0.014830508474576343,1.0
2017-08-09,208.3,208.9,204.35,205.3,67280.0,-0.01887694145758656,1.0
2017-08-10,204.1,205.3,187.0,191.4,169770.0,-0.06770579639551877,1.0
2017-08-11,187.2,196.75,185.0,190.6,140748.0,-0.004179728317659448,1.0
2017-08-14,185.0,186.85,172.2,182.8,274466.0,-0.04092339979013637,1.0
2017-08-16,183.95,189.7,182.15,188.2,123257.0,0.029540481400437413,1.0
2017-08-17,189.0,191.5,187.2,187.65,75545.0,-0.0029224229543038938,1.0
2017-08-18,186.9,186.9,179.5,184.2,116732.0,-0.018385291766586875,1.0
2017-08-21,185.45,185.45,179.3,180.2,63403.0,-0.021715526601520097,1.0
2017-08-22,181.0,181.55,174.0,175.35,117527.0,-0.026914539400665904,1.0
2017-08-23,176.2,180.0,175.5,176.75,155051.0,0.007984031936127733,1.0
2017-08-24,177.05,179.0,176.2,176.7,86838.0,-0.00028288543140031486,1.0
2017-08-28,176.9,179.0,173.5,174.6,148814.0,-0.011884550084889645,1.0
2017-08-29,173.9,178.85,173.9,175.95,133347.0,0.0077319587628865705,1.0
2017-08-30,178.4,184.8,176.5,182.6,174573.0,0.03779482807615797,1.0
2017-08-31,183.15,194.2,180.0,190.75,372600.0,0.044633077765607876,1.0
2017-09-01,190.95,201.35,190.95,196.4,285699.0,0.02961992136304059,1.0
2017-09-04,194.95,201.95,191.1,194.15,157015.0,-0.011456211812627237,1.0
2017-09-05,194.95,197.0,193.25,195.25,93711.0,0.005665722379603277,1.0
2017-09-06,194.75,195.45,192.4,193.05,77158.0,-0.011267605633802802,1.0
2017-09-07,194.0,205.5,194.0,199.25,342857.0,0.03211603211603209,1.0
2017-09-08,199.9,203.75,195.5,196.8,158747.0,-0.012296110414052652,1.0
2017-09-11,198.2,199.8,194.0,194.8,106935.0,-0.010162601626016232,1.0
2017-09-12,195.4,200.9,195.4,196.7,110311.0,0.009753593429157936,1.0
2017-09-13,194.05,197.65,193.1,193.5,117904.0,-0.01626842907981696,1.0
2017-09-14,193.2,198.75,193.2,195.2,70332.0,0.008785529715762186,1.0
2017-09-15,194.0,194.75,188.55,190.0,141847.0,-0.026639344262294973,1.0
2017-09-18,191.6,194.5,191.2,191.8,77109.0,0.0094736842105263,1.0
2017-09-19,191.9,198.5,191.05,193.7,177112.0,0.009906152241918598,1.0
2017-09-20,193.7,196.35,191.45,191.95,100995.0,-0.009034589571502272,1.0
2017-09-21,192.5,193.95,185.05,189.8,91102.0,-0.011200833550403688,1.0
2017-09-22,186.6,189.25,183.6,184.6,117199.0,-0.027397260273972712,1.0
2017-09-25,184.3,186.25,178.0,180.8,110614.0,-0.02058504875406275,1.0
2017-09-26,181.5,183.0,178.15,180.65,84018.0,-0.0008296460176991927,1.0
2017-09-27,181.0,182.45,176.3,176.95,59469.0,-0.020481594243011436,1.0
2017-09-28,177.1,180.0,176.3,177.3,63507.0,0.001977959875671287,1.0
2017-09-29,177.9,181.6,177.9,178.8,61673.0,0.008460236886632888,1.0
2017-10-03,180.7,186.0,178.55,182.9,174167.0,0.022930648769574846,1.0
2017-10-04,183.1,187.2,182.6,183.95,133996.0,0.005740841990158563,1.0
2017-10-05,184.0,188.0,182.4,182.95,88637.0,-0.005436259853220937,1.0
2017-10-06,183.15,187.7,183.15,185.8,101663.0,0.015578026783274135,1.0
2017-10-09,187.1,194.5,185.8,189.95,182209.0,0.022335844994617826,1.0
2017-10-10,190.0,194.25,189.7,191.2,175792.0,0.006580679126085842,1.0
2017-10-11,192.0,198.1,189.5,191.6,195547.0,0.0020920502092049986,1.0
2017-10-12,192.45,196.0,190.95,192.7,99733.0,0.00574112734864296,1.0
2017-10-13,193.25,194.0,187.8,188.7,113784.0,-0.020757654385054503,1.0
2017-10-16,189.1,191.4,185.0,186.35,88089.0,-0.012453630100688895,1.0
2017-10-17,186.0,188.9,186.0,186.8,53406.0,0.0024148108398176493,1.0
2017-10-18,186.1,187.1,183.3,183.7,55144.0,-0.016595289079229247,1.0
2017-10-19,183.8,186.95,183.2,185.7,34450.0,0.01088731627653794,1.0
2017-10-23,185.0,189.0,184.55,186.15,74813.0,0.0024232633279483995,1.0
2017-10-24,186.5,188.95,185.15,185.6,66871.0,-0.002954606500134349,1.0
2017-10-25,185.95,186.4,184.0,185.25,46097.0,-0.0018857758620689502,1.0
2017-10-26,184.0,193.9,184.0,189.9,141216.0,0.025101214574898778,1.0
2017-10-27,190.0,194.25,190.0,192.8,99070.0,0.015271195365982093,1.0
2017-10-30,193.05,198.0,192.05,194.2,202493.0,0.007261410788381717,1.0
2017-10-31,194.6,197.95,193.0,195.4,133114.0,0.006179196704428458,1.0
2017-11-01,196.0,201.0,196.0,196.75,168272.0,0.006908904810644767,1.0
2017-11-02,196.5,202.4,194.55,198.25,187885.0,0.007623888182973326,1.0
2017-11-03,199.0,200.8,195.25,195.6,141551.0,-0.013366960907944536,1.0
2017-11-06,195.6,198.75,193.5,193.85,78751.0,-0.008946830265848638,1.0
2017-11-07,193.85,196.9,190.1,190.75,105015.0,-0.015991746195511913,1.0
2017-11-08,191.05,191.8,187.25,187.9,48906.0,-0.014941022280471783,1.0
2017-11-09,189.0,191.0,187.05,189.75,51868.0,0.009845662586482229,1.0
2017-11-10,189.0,204.7,186.1,198.05,410823.0,0.04374176548089603,1.0
2017-11-13,209.8,216.65,206.0,208.75,1509764.0,0.05402676091895975,1.0
2017-11-14,209.15,225.8,207.3,216.25,1558545.0,0.03592814371257491,1.0
2017-11-15,216.75,222.9,214.05,217.75,553730.0,0.006936416184971206,1.0
2017-11-16,219.5,227.0,218.5,223.75,654509.0,0.027554535017221493,1.0
2017-11-17,225.75,225.95,216.25,217.65,265294.0,-0.02726256983240216,1.0
2017-11-20,218.3,222.8,215.5,218.45,261847.0,0.003675626005053889,1.0
2017-11-21,220.2,230.5,219.0,223.45,631956.0,0.02288853284504455,1.0
2017-11-22,224.95,225.85,221.35,222.05,174776.0,-0.0062653837547548275,1.0
2017-11-23,222.95,234.5,221.25,231.7,642348.0,0.04345868047736978,1.0
2017-11-24,233.5,234.5,222.25,225.5,271324.0,-0.02675873974967624,1.0
2017-11-27,225.5,225.75,218.0,220.95,179279.0,-0.020177383592017817,1.0
2017-11-28,221.7,228.0,221.0,222.55,178451.0,0.007241457343290403,1.0
2017-11-29,222.95,228.8,222.2,225.45,261601.0,0.013030779600089692,1.0
2017-11-30,224.1,227.7,223.7,225.6,148929.0,0.0006653359946773296,1.0
2017-12-01,226.9,237.5,225.55,229.85,507006.0,0.018838652482269458,1.0
2017-12-04,231.95,234.0,224.05,229.5,203739.0,-0.001522732216662992,1.0
2017-12-05,230.35,249.3,227.95,245.1,1894683.0,0.06797385620915031,1.0
2017-12-06,242.45,249.45,236.5,238.3,676567.0,-0.02774377804977557,1.0
2017-12-07,239.9,245.5,239.0,242.5,299070.0,0.017624842635333593,1.0
2017-12-08,244.85,259.9,243.35,257.0,957447.0,0.0597938144329897,1.0
2017-12-11,259.95,273.35,258.55,269.1,1481714.0,0.047081712062256864,1.0
2017-12-12,268.9,269.05,257.0,259.5,368836.0,-0.03567447045707928,1.0
2017-12-13,260.0,265.7,249.1,250.65,481794.0,-0.03410404624277452,1.0
2017-12-14,252.55,253.9,245.0,250.15,262705.0,-0.0019948134849391286,1.0
2017-12-15,254.2,257.85,250.7,251.7,249058.0,0.006196282230661598,1.0
2017-12-18,251.0,279.7,229.0,272.4,1518519.0,0.08224076281287251,1.0
2017-12-19,277.4,283.45,271.45,275.35,936814.0,0.010829662261380602,1.0
2017-12-20,275.6,286.0,273.0,278.6,822703.0,0.011803159615035419,1.0
2017-12-21,280.35,291.45,273.0,286.45,1065252.0,0.028176597272074444,1.0
2017-12-22,288.0,298.0,286.35,291.1,1202158.0,0.016233199511258567,1.0
2017-12-26,293.0,331.8,291.65,325.1,3516941.0,0.11679835108210246,1.0
2017-12-27,327.0,332.7,306.5,313.2,1537931.0,-0.03660412180867434,1.0
2017-12-28,315.4,324.9,311.1,318.15,782703.0,0.015804597701149392,1.0
2017-12-29,319.0,324.0,310.8,313.8,562996.0,-0.013672795851013553,1.0
2018-01-01,315.0,325.8,311.2,314.35,869620.0,0.0017527087316762113,1.0
2018-01-02,316.3,317.9,300.0,304.1,546986.0,-0.03260696675679975,1.0
2018-01-03,306.3,318.0,306.0,315.05,577303.0,0.03600789214074318,1.0
2018-01-04,315.9,322.0,311.45,315.1,564170.0,0.00015870496746561713,1.0
2018-01-05,316.45,318.85,312.0,313.85,283281.0,-0.003966994604887364,1.0
2018-01-08,314.8,325.1,310.1,320.65,596870.0,0.021666401147044656,1.0
2018-01-09,331.7375,340.76250000000005,324.01250000000005,335.1375,825294.5,0.012573808667700553,1.0
2018-01-10,348.675,356.425,337.925,349.625,1053719.0,0.0034812161883564507,1.0
2018-01-11,365.6125,372.0875,351.8375,364.1125,1282143.5,-0.005611376290987652,1.0
2018-01-12,382.55,387.75,365.75,378.6,1510568.0,-0.014703968770331755,1.0
2018-01-15,380.75,389.8,375.55,379.65,1092004.0,0.0027733755942946914,1.0
2018-01-16,380.6,382.75,355.0,357.6,965986.0,-0.05807981035163956,1.0
2018-01-17,358.4,379.8,344.7,367.95,1733129.0,0.028942953020134166,1.0
2018-01-18,369.0,376.7,342.75,345.85,971354.0,-0.060062508493001654,1.0
2018-01-19,344.95,356.5,342.0,351.9,782723.0,0.017493132861066796,1.0
2018-01-22,352.0,361.6,348.5,354.35,632396.0,0.00696220517192403,1.0
2018-01-23,355.2,374.65,353.15,364.5,1262454.0,0.028643996049103837,1.0
2018-01-24,361.05,377.3,352.05,363.3,1456842.0,-0.003292181069958766,1.0
2018-01-25,363.4,370.0,355.2,362.6,517471.0,-0.0019267822736031004,1.0
2018-01-29,364.0,370.85,351.65,354.2,497610.0,-0.02316602316602323,1.0
2018-01-30,353.0,353.0,341.35,342.6,371087.0,-0.03274985883681525,1.0
2018-01-31,342.4,351.2,332.3,337.7,409402.0,-0.014302393461763097,1.0
2018-02-01,338.0,349.5,315.0,336.85,803822.0,-0.002517026946994294,1.0
2018-02-02,329.0,332.95,303.15,312.05,1116332.0,-0.073623274454505,1.0
2018-02-05,298.0,321.35,298.0,315.55,563513.0,0.01121615125781128,1.0
2018-02-06,295.0,310.95,290.0,306.95,706584.0,-0.027254000950721058,1.0
2018-02-07,312.9,327.6,302.3,309.55,910103.0,0.00847043492425481,1.0
2018-02-08,305.0,319.9,296.85,310.15,872456.0,0.001938297528670585,1.0
2018-02-09,305.0,312.5,302.8,308.25,489829.0,-0.006126068031597542,1.0
2018-02-12,312.85,321.7,312.1,315.8,606257.0,0.024493106244931173,1.0
2018-02-14,318.15,326.55,313.1,315.85,520817.0,0.00015832805573157138,1.0
2018-02-15,318.05,329.45,310.05,314.05,741729.0,-0.005698907709355772,1.0
2018-02-16,316.4,320.5,303.3,305.7,381897.0,-0.02658812291036461,1.0
2018-02-19,307.7,311.0,295.3,300.75,444551.0,-0.01619234543670256,1.0
2018-02-20,303.0,304.8,295.0,296.05,255893.0,-0.01562759767248545,1.0
2018-02-21,298.45,302.85,295.0,296.0,154582.0,-0.00016889039013678886,1.0
2018-02-22,295.0,295.0,290.0,290.7,192322.0,-0.017905405405405417,1.0
2018-02-23,293.0,301.7,292.0,296.15,274479.0,0.018747850017199807,1.0
2018-02-26,300.0,304.85,298.75,300.7,210725.0,0.015363835893972722,1.0
2018-02-27,304.0,304.0,295.3,296.55,193343.0,-0.01380113069504485,1.0
2018-02-28,292.8,298.7,290.55,294.8,232395.0,-0.0059011970999831576,1.0
2018-03-01,292.0,296.6,288.3,289.1,133970.0,-0.019335142469470767,1.0
2018-03-05,288.9,288.9,274.2,275.9,382270.0,-0.04565894154271899,1.0
2018-03-06,279.35,282.35,270.1,272.15,282507.0,-0.01359188111634646,1.0
2018-03-07,270.0,271.0,263.1,266.15,290367.0,-0.022046665441851965,1.0
2018-03-08,267.45,272.4,256.3,267.95,362427.0,0.006763103513056645,1.0
2018-03-09,268.1,270.0,260.15,262.85,330715.0,-0.019033401754058432,1.0
2018-03-12,263.45,273.0,261.1,269.65,273305.0,0.02587026821380989,1.0
2018-03-13,272.25,280.85,270.2,278.4,438307.0,0.03244947153717792,1.0
2018-03-14,277.2,281.4,272.65,278.25,242920.0,-0.0005387931034481763,1.0
2018-03-15,279.85,308.9,276.35,305.75,1354349.0,0.0988319856244384,1.0
2018-03-16,307.2,313.0,296.0,297.75,660587.0,-0.026165167620605057,1.0
2018-03-19,298.4,301.0,280.25,282.15,261995.0,-0.05239294710327469,1.0
2018-03-20,279.1,290.9,276.35,283.6,287255.0,0.005139110402268443,1.0
2018-03-21,286.0,292.4,283.5,285.0,284795.0,0.0049365303244004455,1.0
2018-03-22,286.9,288.0,277.1,280.3,137495.0,-0.016491228070175445,1.0
2018-03-23,277.0,283.5,274.1,280.5,285777.0,0.0007135212272564306,1.0
2018-03-26,281.45,284.95,273.35,278.5,336064.0,-0.007130124777183555,1.0
2018-03-27,281.45,284.85,277.3,278.6,178030.0,0.000359066427289223,1.0
2018-03-28,276.5,276.9,263.1,266.2,317583.0,-0.044508255563532106,1.0
2018-04-02,272.7,293.95,268.0,290.4,597452.0,0.09090909090909083,1.0
2018-04-03,288.0,300.6,285.3,299.25,473121.0,0.030475206611570327,1.0
2018-04-04,301.95,302.55,285.65,288.95,254531.0,-0.034419381787802905,1.0
2018-04-05,293.05,304.6,293.0,298.75,390630.0,0.033915902405260434,1.0
2018-04-06,298.85,303.3,294.0,298.65,226904.0,-0.0003347280334728975,1.0
2018-04-09,297.5,316.3,297.5,307.8,732375.0,0.030637870416876156,1.0
2018-04-10,310.45,313.5,306.5,309.05,276084.0,0.004061078622482173,1.0
2018-04-11,310.0,310.0,302.25,303.6,167038.0,-0.017634686943860167,1.0
2018-04-12,304.1,311.35,298.3,301.55,259165.0,-0.006752305665349234,1.0
2018-04-13,302.5,305.3,297.0,302.0,153138.0,0.0014922898358480374,1.0
2018-04-16,298.9,307.4,296.2,303.45,202004.0,0.004801324503311166,1.0
2018-04-17,304.1,314.75,301.0,306.3,623238.0,0.009391992090954204,1.0
2018-04-18,308.5,311.6,302.0,304.85,200339.0,-0.004733920992491036,1.0
2018-04-19,305.5,323.6,300.0,317.15,638810.0,0.04034771198950282,1.0
2018-04-20,314.0,331.75,314.0,325.2,967679.0,0.025382311209207087,1.0
2018-04-23,327.5,333.0,321.9,327.5,517950.0,0.007072570725707328,1.0
2018-04-24,329.0,340.8,321.0,335.5,655974.0,0.02442748091603053,1.0
2018-04-25,334.9,340.9,327.0,332.55,566481.0,-0.008792846497764462,1.0
2018-04-26,332.0,334.5,327.15,330.0,186865.0,-0.007668019846639673,1.0
2018-04-27,331.2,338.7,328.0,333.2,306598.0,0.00969696969696976,1.0
2018-04-30,333.45,336.8,329.5,334.1,192333.0,0.0027010804321729864,1.0
2018-05-02,333.0,352.0,333.0,343.55,764018.0,0.028284944627356978,1.0
2018-05-03,344.95,346.4,326.15,330.3,348345.0,-0.03856789404744576,1.0
2018-05-04,329.15,340.4,327.0,338.45,401992.0,0.024674538298516513,1.0
2018-05-07,338.5,349.9,337.05,344.4,381632.0,0.0175801447776629,1.0
2018-05-08,343.9,351.4,337.0,347.7,370896.0,0.009581881533101022,1.0
2018-05-09,348.7,354.8,343.45,346.7,406704.0,-0.002876042565429948,1.0
2018-05-10,347.2,351.9,332.05,335.8,388148.0,-0.0314392846841649,1.0
2018-05-11,344.9,354.8,337.0,340.45,684071.0,0.01384752829064917,1.0
2018-05-14,339.0,344.35,321.7,324.9,240321.0,-0.04567484212072259,1.0
2018-05-15,325.8,336.0,315.0,316.5,276622.0,-0.025854108956602007,1.0
2018-05-16,316.5,321.6,302.25,315.5,226572.0,-0.003159557661927326,1.0
2018-05-17,318.2,319.8,312.0,313.45,146227.0,-0.006497622820919258,1.0
2018-05-18,314.75,316.25,303.0,303.65,156468.0,-0.03126495453820388,1.0
2018-05-21,303.1,312.4,297.35,304.95,222534.0,0.0042812448542730586,1.0
2018-05-22,304.9,310.5,301.85,305.7,153236.0,0.0024594195769798155,1.0
2018-05-23,305.05,312.4,303.0,303.75,158251.0,-0.006378802747791901,1.0
2018-05-24,305.3,307.5,301.1,303.1,104042.0,-0.0021399176954731702,1.0
2018-05-25,303.45,308.1,302.75,306.8,156843.0,0.01220719234576051,1.0
2018-05-28,308.0,323.3,307.35,319.25,317500.0,0.04058018252933504,1.0
2018-05-29,320.0,320.0,313.0,315.2,86711.0,-0.012685982772122184,1.0
2018-05-30,311.0,317.9,311.0,312.65,96197.0,-0.00809010152284273,1.0
2018-05-31,314.7,316.9,309.5,310.35,97403.0,-0.007356468894930246,1.0
2018-06-01,311.8,311.9,294.1,299.4,203966.0,-0.03528274528757869,1.0
2018-06-04,300.9,304.75,286.1,289.4,160900.0,-0.0334001336005344,1.0
2018-06-05,285.0,288.55,268.8,274.4,230724.0,-0.05183137525915693,1.0
2018-06-06,276.0,294.5,273.3,291.4,299899.0,0.06195335276967939,1.0
2018-06-07,292.4,302.25,292.4,296.25,189641.0,0.01664378860672633,1.0
2018-06-08,295.0,299.9,290.55,297.05,131714.0,0.0027004219409283436,1.0
2018-06-11,295.75,304.5,295.75,297.9,160012.0,0.0028614711328058817,1.0
2018-06-12,298.9,303.0,297.05,299.55,124190.0,0.0055387713997987476,1.0
2018-06-13,299.55,309.95,299.55,304.6,211221.0,0.0168586212652313,1.0
2018-06-14,304.3,306.45,299.55,302.7,117752.0,-0.006237688772160355,1.0
2018-06-15,302.0,305.35,295.0,298.45,112897.0,-0.01404030393128508,1.0
2018-06-18,298.15,298.85,288.0,289.6,117137.0,-0.02965320824258655,1.0
2018-06-19,288.0,293.1,282.35,285.2,140534.0,-0.015193370165745956,1.0
2018-06-20,284.0,295.0,284.0,287.25,200975.0,0.00718793828892017,1.0
2018-06-21,285.0,288.65,278.0,281.9,101337.0,-0.01862489120974764,1.0
2018-06-22,281.9,286.7,281.05,281.75,139530.0,-0.0005321035828307341,1.0
2018-06-25,281.95,283.9,275.5,277.25,84557.0,-0.015971606033717833,1.0
2018-06-26,275.0,282.1,273.4,277.15,137931.0,-0.0003606853020740042,1.0
2018-06-27,276.5,279.35,264.05,267.7,172641.0,-0.03409705935414031,1.0
2018-06-28,267.5,273.5,262.9,268.9,88775.0,0.0044826298094882144,1.0
2018-06-29,270.4,279.3,270.0,272.35,211106.0,0.012830048345109812,1.0
2018-07-02,272.5,275.8,266.15,273.95,106770.0,0.005874793464292205,1.0
2018-07-03,273.6,276.5,270.05,273.1,73786.0,-0.003102755977367977,1.0
2018-07-04,275.0,276.4,271.05,272.35,85120.0,-0.002746246796045404,1.0
2018-07-05,272.0,272.95,269.25,269.9,50384.0,-0.00899577749219771,1.0
2018-07-06,268.6,274.3,267.6,272.45,65668.0,0.009447943682845628,1.0
2018-07-09,276.4,283.3,275.05,279.8,172083.0,0.026977427050835168,1.0
2018-07-10,281.05,287.0,280.55,282.7,151992.0,0.010364546104360217,1.0
2018-07-11,281.9,284.7,276.1,277.15,87300.0,-0.01963211885390881,1.0
2018-07-12,278.25,284.4,271.15,275.75,122458.0,-0.0050514162006133345,1.0
2018-07-13,276.0,276.65,269.55,271.25,70387.0,-0.016319129646418906,1.0
2018-07-16,271.6,272.35,258.7,260.75,116221.0,-0.03870967741935483,1.0
2018-07-17,262.0,266.3,250.85,258.8,144761.0,-0.007478427612655714,1.0
2018-07-18,260.4,263.45,251.15,252.85,110518.0,-0.02299072642967548,1.0
2018-07-19,253.0,254.65,243.0,251.1,101852.0,-0.006921099466086655,1.0
2018-07-20,250.75,252.0,243.25,249.1,69384.0,-0.00796495420151333,1.0
2018-07-23,247.5,255.0,247.1,254.05,55780.0,0.019871537535126604,1.0
2018-07-24,255.1,272.25,254.0,269.05,274898.0,0.05904349537492615,1.0
2018-07-25,268.95,270.7,262.35,262.9,88734.0,-0.02285820479464795,1.0
2018-07-26,263.0,265.0,258.95,261.5,68963.0,-0.0053252187143399965,1.0
2018-07-27,262.5,270.9,262.5,266.3,114130.0,0.018355640535372864,1.0
2018-07-30,267.5,275.0,266.85,269.85,150137.0,0.013330829891100349,1.0
2018-07-31,268.3,268.55,265.0,266.95,49887.0,-0.010746711135816267,1.0
2018-08-01,266.0,269.55,265.1,265.9,59740.0,-0.003933320846600474,1.0
2018-08-02,266.0,275.0,261.65,269.4,171561.0,0.013162843174125527,1.0
2018-08-03,269.85,281.3,269.85,276.65,236438.0,0.026911655530809098,1.0
2018-08-06,277.7,278.4,269.5,272.0,107852.0,-0.016808241460328888,1.0
2018-08-07,273.6,281.5,266.8,277.95,228083.0,0.021874999999999867,1.0
2018-08-08,279.9,286.8,275.6,280.6,325201.0,0.009534088864903811,1.0
2018-08-09,279.45,282.0,270.0,272.15,254514.0,-0.030114041339985853,1.0
2018-08-10,271.8,274.65,260.0,261.75,143726.0,-0.03821422009920994,1.0
2018-08-13,260.9,266.85,257.25,260.95,81554.0,-0.003056351480420272,1.0
2018-08-14,261.0,265.9,256.75,264.5,116407.0,0.013604138723893433,1.0
2018-08-16,263.8,269.5,262.05,266.25,102432.0,0.006616257088846833,1.0
2018-08-17,266.55,271.9,265.2,265.95,108574.0,-0.0011267605633803468,1.0
2018-08-20,267.4,269.8,263.05,265.05,110928.0,-0.0033840947546530664,1.0
2018-08-21,264.9,267.8,261.55,263.35,90657.0,-0.006413884172797535,1.0
2018-08-23,263.7,264.6,257.0,258.2,81027.0,-0.019555724321245638,1.0
2018-08-24,257.1,260.1,251.1,252.05,88737.0,-0.023818745158791566,1.0
2018-08-27,252.95,261.4,252.95,256.45,95333.0,0.017456853798849314,1.0
2018-08-28,257.1,267.5,256.1,260.45,197132.0,0.015597582374731855,1.0
2018-08-29,260.95,263.9,259.25,259.8,63698.0,-0.002495680552889179,1.0
2018-08-30,260.0,263.35,258.4,260.05,66658.0,0.0009622786759044821,1.0
2018-08-31,260.1,284.3,258.0,280.75,825269.0,0.07960007690828674,1.0
2018-09-03,280.6,283.75,267.55,269.7,287397.0,-0.039358860195903844,1.0
2018-09-04,269.95,273.6,260.5,261.15,145851.0,-0.03170189098998888,1.0
2018-09-05,261.1,262.4,251.35,252.35,158618.0,-0.033697108941221465,1.0
2018-09-06,253.1,258.25,251.55,255.6,103066.0,0.012878937982960137,1.0
2018-09-07,256.0,270.0,253.45,266.4,244417.0,0.04225352112676051,1.0
2018-09-10,265.7,265.7,260.4,261.45,83471.0,-0.01858108108108103,1.0
2018-09-11,261.5,263.1,252.2,256.3,82925.0,-0.019697838974947368,1.0
2018-09-12,255.2,259.5,253.9,256.85,111793.0,0.0021459227467812703,1.0
2018-09-14,257.0,262.0,257.0,261.2,107431.0,0.016935954837453693,1.0
2018-09-17,260.9,271.0,257.1,267.45,145398.0,0.02392802450229703,1.0
2018-09-18,265.05,270.25,260.2,261.35,56238.0,-0.022808001495606578,1.0
2018-09-19,262.2,263.3,258.0,258.5,57411.0,-0.010904916778266771,1.0
2018-09-21,258.5,263.75,215.1,239.25,195835.0,-0.07446808510638303,1.0
2018-09-24,240.6,245.2,226.55,230.0,112998.0,-0.03866248693834906,1.0
2018-09-25,226.0,233.0,221.6,226.2,112165.0,-0.016521739130434865,1.0
2018-09-26,227.85,233.95,227.7,230.0,75659.0,0.016799292661361598,1.0
2018-09-27,230.4,237.0,225.0,225.75,55481.0,-0.018478260869565166,1.0
2018-09-28,227.0,227.4,205.0,210.5,194062.0,-0.06755260243632333,1.0
2018-10-01,212.0,215.7,198.0,205.25,198741.0,-0.02494061757719712,1.0
2018-10-03,205.0,214.9,199.6,212.1,167522.0,0.03337393422655288,1.0
2018-10-04,205.0,209.0,203.0,206.6,86299.0,-0.025931164545025975,1.0
2018-10-05,204.95,208.0,195.5,196.55,137244.0,-0.048644724104549786,1.0
2018-10-08,195.2,199.3,183.5,185.35,201185.0,-0.05698295599084213,1.0
2018-10-09,186.9,189.7,181.25,184.3,134703.0,-0.005664958187213243,1.0
2018-10-10,185.2,196.8,185.0,193.8,171493.0,0.05154639175257736,1.0
2018-10-11,186.0,192.0,183.55,190.75,114338.0,-0.01573787409700733,1.0
2018-10-12,192.0,197.9,192.0,193.9,132856.0,0.016513761467889854,1.0
2018-10-15,195.0,202.35,194.0,200.55,113922.0,0.03429602888086647,1.0
2018-10-16,201.25,208.95,198.0,198.85,171188.0,-0.008476689104961466,1.0
2018-10-17,201.0,203.0,186.7,188.45,114166.0,-0.052300729192859,1.0
2018-10-19,186.4,194.3,186.0,191.9,103241.0,0.0183072433006104,1.0
2018-10-22,192.0,194.0,188.5,189.15,88098.0,-0.014330380406461729,1.0
2018-10-23,186.1,189.7,183.5,185.35,116877.0,-0.020089875759978892,1.0
2018-10-24,187.0,189.35,183.45,185.2,93457.0,-0.0008092797410305108,1.0
2018-10-25,183.15,188.4,180.6,186.55,68003.0,0.007289416846652408,1.0
2018-10-26,185.75,188.4,182.1,184.8,62339.0,-0.009380863039399667,1.0
2018-10-29,185.25,193.8,185.0,192.8,106065.0,0.04329004329004338,1.0
2018-10-30,192.85,199.05,190.9,197.6,145136.0,0.024896265560165887,1.0
2018-10-31,197.65,204.3,196.95,201.45,132370.0,0.01948380566801622,1.0
2018-11-01,203.85,208.0,200.8,205.8,186276.0,0.021593447505584562,1.0
2018-11-02,206.9,212.6,206.0,207.0,267871.0,0.005830903790087438,1.0
2018-11-05,206.3,208.7,203.1,207.0,106183.0,0.0,1.0
2018-11-06,207.0,209.5,205.8,207.25,61114.0,0.0012077294685990392,1.0
2018-11-07,208.4,210.5,208.0,209.75,29326.0,0.012062726176115701,1.0
2018-11-09,210.85,222.55,206.55,220.75,224108.0,0.05244338498212153,1.0
2018-11-12,221.9,228.3,218.1,224.8,207674.0,0.01834654586636475,1.0
2018-11-13,218.0,218.0,207.1,208.4,280724.0,-0.07295373665480431,1.0
2018-11-14,210.1,216.8,208.0,213.95,213132.0,0.02663147792706333,1.0
2018-11-15,214.4,215.9,208.0,209.45,64972.0,-0.02103295162421126,1.0
2018-11-16,210.3,213.25,207.5,209.1,53422.0,-0.0016710432084029447,1.0
2018-11-19,208.0,210.0,205.2,206.2,41937.0,-0.013868962219033998,1.0
2018-11-20,205.9,207.65,200.05,201.65,60135.0,-0.02206595538312306,1.0
2018-11-21,202.0,202.9,197.65,200.3,76261.0,-0.006694768162658016,1.0
2018-11-22,201.05,204.6,196.35,197.7,53950.0,-0.01298052920619086,1.0
2018-11-26,198.05,202.45,196.1,198.3,142531.0,0.0030349013657058332,1.0
2018-11-27,198.0,200.25,196.0,197.4,86903.0,-0.004538577912254205,1.0
2018-11-28,197.55,199.7,196.1,196.6,54685.0,-0.004052684903748771,1.0
2018-11-29,197.0,201.0,196.4,196.95,69003.0,0.001780264496439532,1.0
2018-11-30,197.55,199.2,193.25,194.15,57844.0,-0.014216806296014184,1.0
2018-12-03,195.0,195.8,189.45,189.9,80166.0,-0.021890291012104046,1.0
2018-12-04,189.05,193.9,189.05,190.0,87644.0,0.0005265929436544248,1.0
2018-12-05,188.85,192.0,185.55,188.1,88186.0,-0.010000000000000009,1.0
2018-12-06,185.1,187.95,183.8,184.8,51883.0,-0.01754385964912275,1.0
2018-12-07,186.0,188.15,183.0,184.0,37126.0,-0.0043290043290044045,1.0
2018-12-10,180.0,183.7,179.3,181.4,36753.0,-0.01413043478260867,1.0
2018-12-11,178.6,185.95,178.1,184.9,52111.0,0.019294377067254675,1.0
2018-12-12,184.0,189.45,184.0,186.95,73348.0,0.01108707409410492,1.0
2018-12-13,188.45,192.7,187.0,188.55,82756.0,0.008558438085049636,1.0
2018-12-14,188.7,193.5,187.1,190.5,51807.0,0.0103420843277644,1.0
2018-12-17,191.1,200.0,190.0,197.2,99130.0,0.035170603674540724,1.0
2018-12-18,196.9,212.3,195.5,209.95,452708.0,0.06465517241379315,1.0
2018-12-19,212.0,236.95,209.3,227.55,1432176.0,0.08382948321028838,1.0
2018-12-20,227.55,227.55,221.0,222.5,168613.0,-0.022192924631949107,1.0
2018-12-21,222.2,222.2,211.0,212.05,135845.0,-0.04696629213483139,1.0
2018-12-24,212.9,217.95,210.3,211.95,129621.0,-0.00047158688988457875,1.0
2018-12-26,210.1,211.0,199.2,204.75,110040.0,-0.03397027600849256,1.0
2018-12-27,206.8,214.5,206.05,209.95,178863.0,0.025396825396825307,1.0
2018-12-28,211.0,217.0,211.0,213.2,159661.0,0.015479876160990669,1.0
2018-12-31,214.25,216.5,211.3,212.85,81625.0,-0.0016416510318949529,1.0
2019-01-01,214.4,214.4,211.05,212.4,46164.0,-0.002114164904862492,1.0
2019-01-02,212.0,214.8,209.8,211.1,65115.0,-0.006120527306967993,1.0
2019-01-03,210.95,213.0,207.0,208.5,51174.0,-0.012316437707247774,1.0
2019-01-04,209.0,209.95,205.85,207.15,71307.0,-0.006474820143884896,1.0
2019-01-07,208.4,210.7,206.4,207.05,52485.0,-0.0004827419744146688,1.0
2019-01-08,207.0,207.0,203.5,206.0,60758.0,-0.005071238831200198,1.0
2019-01-09,207.2,217.95,207.2,211.45,258971.0,0.026456310679611628,1.0
2019-01-10,212.4,212.5,209.35,210.45,46016.0,-0.004729250413809449,1.0
2019-01-11,211.5,213.0,209.1,212.0,63410.0,0.007365169874079314,1.0
2019-01-14,211.1,212.9,206.6,208.4,45345.0,-0.016981132075471694,1.0
2019-01-15,208.95,211.75,208.3,210.6,52996.0,0.01055662188099804,1.0
2019-01-16,209.4,212.0,209.0,209.75,47577.0,-0.004036087369420627,1.0
2019-01-17,209.35,212.8,208.35,209.45,46281.0,-0.0014302741358760418,1.0
2019-01-18,209.95,210.45,204.1,206.8,32455.0,-0.012652184292193724,1.0
2019-01-21,205.1,207.45,201.15,201.9,51159.0,-0.02369439071566737,1.0
2019-01-22,202.0,202.0,194.6,196.35,52696.0,-0.027488855869242212,1.0
2019-01-23,196.05,202.15,195.45,199.0,55752.0,0.013496307613954706,1.0
2019-01-24,199.5,200.9,194.15,195.6,35890.0,-0.0170854271356784,1.0
2019-01-25,196.0,198.25,187.5,188.55,57389.0,-0.03604294478527603,1.0
2019-01-28,188.85,192.0,183.75,187.05,56894.0,-0.007955449482895838,1.0
2019-01-29,185.0,191.5,184.9,186.05,52897.0,-0.005346164127238651,1.0
2019-01-30,187.0,189.0,184.5,186.2,31827.0,0.0008062348830957244,1.0
2019-01-31,186.85,193.5,186.85,188.75,123383.0,0.013694951664876553,1.0
2019-02-01,188.75,192.35,187.55,189.1,57025.0,0.0018543046357615278,1.0
2019-02-04,188.5,189.7,186.0,187.55,22391.0,-0.008196721311475308,1.0
2019-02-05,187.15,189.2,183.4,185.25,51478.0,-0.01226339642761931,1.0
2019-02-06,185.9,187.85,180.0,183.7,66644.0,-0.008367071524966296,1.0
2019-02-07,183.85,185.4,180.2,182.6,90779.0,-0.0059880239520957446,1.0
2019-02-08,183.0,183.9,180.5,181.7,32316.0,-0.004928806133625452,1.0
2019-02-11,181.5,185.85,180.0,183.6,58223.0,0.010456796917996725,1.0
2019-02-12,183.6,183.75,180.95,181.65,39379.0,-0.0106209150326797,1.0
2019-02-13,181.75,185.9,180.9,181.6,63068.0,-0.00027525461051480793,1.0
2019-02-14,180.25,185.0,178.8,182.45,98205.0,0.004680616740088128,1.0
2019-02-15,182.0,185.9,179.0,180.2,57196.0,-0.012332145793368054,1.0
2019-02-18,182.7,182.7,171.1,173.65,80220.0,-0.036348501664816735,1.0
2019-02-19,174.1,175.95,171.45,173.6,57147.0,-0.00028793550244754496,1.0
2019-02-20,176.0,178.4,173.7,177.65,45989.0,0.023329493087557607,1.0
2019-02-21,178.0,181.6,177.0,180.55,60901.0,0.016324233042499303,1.0
2019-02-22,179.9,194.5,179.9,192.15,216668.0,0.0642481307117142,1.0
2019-02-25,192.0,209.4,192.0,203.6,316758.0,0.059588862867551384,1.0
2019-02-26,197.2,201.0,193.1,197.8,186037.0,-0.028487229862475316,1.0
2019-02-27,199.5,208.0,196.5,202.8,230227.0,0.025278058645096024,1.0
2019-02-28,215.0,222.0,210.2,216.3,1781041.0,0.06656804733727806,1.0
2019-03-01,217.0,220.0,215.0,218.4,367639.0,0.009708737864077666,1.0
2019-03-05,224.0,225.0,221.0,224.25,346724.0,0.02678571428571419,1.0
2019-03-06,235.0,240.0,231.5,233.55,1269392.0,0.04147157190635453,1.0
2019-03-07,234.3,234.8,231.0,233.05,183365.0,-0.0021408691928923584,1.0
2019-03-08,232.8,232.8,228.0,229.75,141837.0,-0.014160051491096337,1.0
2019-03-11,231.5,234.9,230.35,233.0,96539.0,0.014145810663764857,1.0
2019-03-12,233.95,235.9,229.0,230.5,126857.0,-0.010729613733905574,1.0
2019-03-13,230.85,231.9,227.1,227.95,99361.0,-0.011062906724511934,1.0
2019-03-14,229.8,230.0,225.8,226.05,92528.0,-0.008335161219565568,1.0
2019-03-15,226.4,227.7,225.0,225.5,78236.0,-0.0024330900243308973,1.0
2019-03-18,225.95,226.75,224.5,225.7,75735.0,0.0008869179600885513,1.0
2019-03-19,225.95,228.9,225.1,227.0,46218.0,0.005759858218874703,1.0
2019-03-20,228.45,228.45,225.1,226.75,43944.0,-0.0011013215859030367,1.0
2019-03-22,226.75,227.6,223.5,224.3,54726.0,-0.01080485115766261,1.0
2019-03-25,224.6,226.4,221.05,223.05,64511.0,-0.005572893446277316,1.0
2019-03-26,222.95,223.95,221.5,222.2,62150.0,-0.0038108047522977806,1.0
2019-03-27,222.95,235.0,221.1,228.65,102598.0,0.029027902790279114,1.0
2019-03-28,229.0,233.5,228.1,228.8,73531.0,0.0006560244915809754,1.0
2019-03-29,228.3,229.9,223.6,225.35,67041.0,-0.015078671328671356,1.0
2019-04-01,225.0,230.25,224.0,225.7,144479.0,0.0015531395606833698,1.0
2019-04-02,225.9,227.05,225.05,225.5,67211.0,-0.0008861320336729372,1.0
2019-04-03,225.25,227.95,224.05,224.6,78902.0,-0.003991130820399147,1.0
2019-04-04,224.5,225.9,221.25,222.2,82689.0,-0.01068566340160293,1.0
2019-04-05,222.25,224.75,222.15,222.7,67683.0,0.0022502250225022724,1.0
2019-04-08,222.95,223.9,219.5,220.8,58485.0,-0.008531656937584065,1.0
2019-04-09,220.1,223.7,219.35,222.25,86237.0,0.006567028985507095,1.0
2019-04-10,222.25,223.65,220.25,221.0,54573.0,-0.0056242969628796935,1.0
2019-04-11,221.0,222.45,220.25,221.0,66653.0,0.0,1.0
2019-04-12,221.15,222.5,219.25,220.95,85204.0,-0.0002262443438914019,1.0
2019-04-15,224.8,226.8,222.1,223.95,153826.0,0.01357773251866945,1.0
2019-04-16,224.95,225.0,221.75,222.15,82036.0,-0.008037508372404467,1.0
2019-04-18,223.9,232.9,222.6,230.3,404355.0,0.0366869232500564,1.0
2019-04-22,235.0,239.0,234.1,236.15,564574.0,0.025401650021710687,1.0
2019-04-23,238.8,238.8,237.0,238.05,367800.0,0.0080457336438704,1.0
2019-04-24,237.25,239.95,235.4,239.45,493502.0,0.005881117412308345,1.0
2019-04-25,225.0,229.0,222.25,223.15,255403.0,-0.06807266652745869,1.0
2019-04-26,225.95,225.95,216.1,218.75,110617.0,-0.019717678691463125,1.0
2019-04-30,217.2,218.1,208.0,208.9,107781.0,-0.04502857142857142,1.0
2019-05-02,207.1,208.95,201.0,201.9,91797.0,-0.033508855911919544,1.0
2019-05-03,201.45,201.45,165.6,198.8,86747.0,-0.01535413571074784,1.0
2019-05-06,197.0,227.8,195.5,223.5,744882.0,0.12424547283702214,1.0
2019-05-07,223.4,223.45,211.9,213.8,190133.0,-0.04340044742729299,1.0
2019-05-08,213.1,214.3,205.1,207.15,104106.0,-0.031103835360149712,1.0
2019-05-09,205.5,212.6,202.45,208.0,81548.0,0.004103306782524685,1.0
2019-05-10,210.0,212.9,205.5,208.9,119161.0,0.004326923076923173,1.0
2019-05-13,202.25,208.0,182.55,184.6,446969.0,-0.11632359980852092,1.0
2019-05-14,184.9,189.4,179.05,185.0,190392.0,0.0021668472372697867,1.0
2019-05-15,185.9,186.75,176.85,178.6,135043.0,-0.034594594594594574,1.0
2019-05-16,177.7,178.95,172.35,173.6,159877.0,-0.027995520716685318,1.0
2019-05-17,174.0,177.9,173.55,176.15,124149.0,0.014688940092165925,1.0
2019-05-20,180.0,184.0,176.2,179.1,210628.0,0.016747090547828414,1.0
2019-05-21,179.1,180.9,173.8,174.55,159483.0,-0.02540480178671123,1.0
2019-05-22,174.0,178.35,173.25,176.95,78799.0,0.01374964193640782,1.0
2019-05-23,180.0,184.95,176.6,177.45,149213.0,0.002825656965244505,1.0
2019-05-24,177.55,185.95,177.55,185.0,182026.0,0.04254719639335036,1.0
2019-05-27,186.0,194.1,186.0,192.2,169765.0,0.038918918918918965,1.0
2019-05-28,192.95,195.0,190.55,192.9,102195.0,0.0036420395421437046,1.0
2019-05-29,192.65,193.5,191.0,192.3,57746.0,-0.0031104199066873672,1.0
2019-05-30,192.0,192.45,187.7,189.15,56433.0,-0.01638065522620913,1.0
2019-05-31,190.0,192.4,185.05,189.2,78421.0,0.0002643404705260366,1.0
2019-06-03,188.0,191.0,186.0,189.7,57058.0,0.0026427061310783095,1.0
2019-06-04,189.85,193.65,187.4,189.75,68617.0,0.00026357406431221087,1.0
2019-06-06,189.95,189.95,185.0,186.25,45418.0,-0.01844532279314892,1.0
2019-06-07,185.5,186.2,182.05,184.8,35752.0,-0.007785234899328808,1.0
2019-06-10,184.85,184.85,180.0,181.55,39426.0,-0.017586580086580095,1.0
2019-06-11,178.85,183.45,173.0,177.8,169228.0,-0.020655466813550016,1.0
2019-06-12,177.0,185.75,176.55,184.35,158674.0,0.03683914510686148,1.0
2019-06-13,180.0,182.95,175.65,178.7,122523.0,-0.030648223487930615,1.0
2019-06-14,178.0,179.4,174.2,175.0,103503.0,-0.020705092333519803,1.0
2019-06-17,175.05,176.25,167.15,167.9,106932.0,-0.04057142857142859,1.0
2019-06-18,168.0,170.0,150.1,154.15,221962.0,-0.08189398451459207,1.0
2019-06-19,157.95,165.5,155.45,159.45,259395.0,0.0343820953616607,1.0
2019-06-20,159.4,164.0,153.05,162.75,105973.0,0.02069614299153355,1.0
2019-06-21,162.0,166.75,160.0,161.6,93522.0,-0.0070660522273425785,1.0
2019-06-24,160.85,163.35,158.4,161.4,44231.0,-0.0012376237623761277,1.0
2019-06-25,160.0,162.2,158.5,160.0,69956.0,-0.00867410161090465,1.0
2019-06-26,158.15,167.8,158.15,165.45,94062.0,0.034062499999999885,1.0
2019-06-27,166.3,173.0,166.3,171.5,77884.0,0.03656693865216076,1.0
2019-06-28,171.1,172.95,166.5,167.75,53029.0,-0.02186588921282795,1.0
2019-07-01,167.0,170.35,167.0,169.0,24885.0,0.007451564828613977,1.0
2019-07-02,168.05,170.0,164.0,164.85,54390.0,-0.02455621301775146,1.0
2019-07-03,163.65,166.85,163.65,166.1,46417.0,0.0075826508947527405,1.0
2019-07-04,166.8,168.7,166.0,167.0,47332.0,0.005418422636965792,1.0
2019-07-05,165.95,167.3,163.0,163.95,58741.0,-0.01826347305389231,1.0
2019-07-08,165.6,169.95,162.5,163.1,115318.0,-0.005184507471790112,1.0
2019-07-09,164.0,164.0,159.3,161.1,60542.0,-0.012262415695892037,1.0
2019-07-10,162.0,163.45,157.5,158.5,69017.0,-0.01613904407200495,1.0
2019-07-11,160.0,160.0,157.05,158.15,36502.0,-0.002208201892744399,1.0
2019-07-12,158.15,158.15,153.0,153.45,98936.0,-0.02971862156180849,1.0
2019-07-15,154.5,156.65,151.0,152.8,60835.0,-0.0042359074617137615,1.0
2019-07-16,152.8,158.0,150.6,154.5,100306.0,0.011125654450261813,1.0
2019-07-17,155.4,156.3,152.5,153.25,48287.0,-0.008090614886731351,1.0
2019-07-18,152.55,153.95,143.5,144.25,112521.0,-0.05872756933115819,1.0
2019-07-19,147.0,147.0,134.1,135.75,137198.0,-0.05892547660311953,1.0
2019-07-22,136.4,136.4,125.15,127.95,166366.0,-0.05745856353591161,1.0
2019-07-23,128.1,136.1,128.1,130.75,205782.0,0.021883548261039554,1.0
2019-07-24,130.75,133.0,128.0,130.2,64356.0,-0.00420650095602304,1.0
2019-07-25,130.2,131.95,125.8,127.65,67981.0,-0.019585253456221086,1.0
2019-07-26,126.95,134.15,123.05,132.35,169321.0,0.03681942812377592,1.0
2019-07-29,132.7,133.5,126.25,127.3,59052.0,-0.03815640347563276,1.0
2019-07-30,127.4,130.4,121.15,121.95,83522.0,-0.04202670856245083,1.0
2019-07-31,121.95,125.0,119.3,122.6,106132.0,0.005330053300532933,1.0
2019-08-01,122.5,123.3,114.3,116.15,114667.0,-0.05261011419249584,1.0
2019-08-02,113.0,120.5,113.0,118.85,127049.0,0.023245802841153518,1.0
2019-08-05,116.55,119.8,112.1,118.45,83539.0,-0.0033655868742110684,1.0
2019-08-06,118.0,127.7,117.45,126.05,125771.0,0.06416209371042636,1.0
2019-08-07,125.0,127.95,124.8,125.45,85331.0,-0.00476001586671948,1.0
2019-08-08,125.45,135.7,125.1,134.3,162275.0,0.07054603427660422,1.0
2019-08-09,131.55,132.0,120.35,122.35,306579.0,-0.08897989575577081,1.0
2019-08-13,123.35,124.9,117.65,119.55,92195.0,-0.022885165508786276,1.0
2019-08-14,119.7,121.9,117.05,117.9,88566.0,-0.013801756587201952,1.0
2019-08-16,118.0,118.8,115.65,118.0,67908.0,0.0008481764206953457,1.0
2019-08-19,118.0,123.0,118.0,119.35,64577.0,0.011440677966101598,1.0
2019-08-20,119.0,121.0,114.2,115.35,77979.0,-0.03351487222454963,1.0
2019-08-21,115.35,115.5,109.3,110.8,79493.0,-0.039445166883398275,1.0
2019-08-22,111.9,111.9,102.0,104.6,97117.0,-0.05595667870036103,1.0
2019-08-23,104.35,106.3,100.05,105.25,98159.0,0.006214149139579295,1.0
2019-08-26,107.35,109.8,104.1,107.8,92969.0,0.02422802850356298,1.0
2019-08-27,108.9,114.6,108.3,112.4,106073.0,0.04267161410018572,1.0
2019-08-28,113.25,123.05,111.5,117.75,215733.0,0.04759786476868322,1.0
2019-08-29,117.0,117.5,112.35,113.45,70326.0,-0.036518046709129504,1.0
2019-08-30,115.2,116.0,110.7,112.8,87078.0,-0.005729396209784077,1.0
2019-09-03,112.65,112.65,105.55,108.45,96247.0,-0.03856382978723394,1.0
2019-09-04,110.5,110.5,107.2,108.9,52240.0,0.004149377593360981,1.0
2019-09-05,108.0,113.7,108.0,111.3,93336.0,0.02203856749311295,1.0
2019-09-06,112.2,117.9,111.0,114.65,96139.0,0.030098831985624575,1.0
2019-09-09,115.5,120.0,113.85,118.2,93509.0,0.03096380287832523,1.0
2019-09-11,120.0,129.15,118.65,127.1,168197.0,0.07529610829103217,1.0
2019-09-12,127.0,128.2,121.55,122.6,83008.0,-0.03540519276160503,1.0
2019-09-13,124.0,124.65,118.95,121.15,91658.0,-0.011827079934747076,1.0
2019-09-16,121.55,131.75,118.75,126.9,280196.0,0.04746182418489475,1.0
2019-09-17,126.8,127.05,119.0,120.05,118186.0,-0.05397951142631996,1.0
2019-09-18,121.5,144.0,120.2,138.25,2870235.0,0.15160349854227406,1.0
2019-09-19,139.4,146.6,134.2,141.5,1738998.0,0.02350813743218816,1.0
2019-09-20,141.5,141.5,129.15,132.45,550953.0,-0.06395759717314498,1.0
2019-09-23,135.5,137.8,129.0,132.3,310372.0,-0.0011325028312568763,1.0
2019-09-24,133.9,146.2,133.35,141.05,1080236.0,0.06613756613756605,1.0
2019-09-25,140.85,140.85,133.45,135.55,161386.0,-0.03899326479971643,1.0
2019-09-26,137.0,140.6,135.0,136.1,150113.0,0.004057543341940084,1.0
2019-09-27,136.4,139.8,133.1,135.25,233929.0,-0.006245407788390889,1.0
2019-09-30,135.8,136.1,129.5,131.05,131152.0,-0.031053604436229176,1.0
2019-10-01,132.3,133.15,125.65,127.45,130678.0,-0.027470431133155393,1.0
2019-10-03,126.05,127.15,121.45,123.25,108436.0,-0.03295409964692042,1.0
2019-10-04,123.5,124.65,120.0,120.65,105560.0,-0.02109533468559832,1.0
2019-10-07,121.0,122.1,115.7,116.2,95047.0,-0.0368835474513054,1.0
2019-10-09,116.4,121.35,113.0,118.0,109859.0,0.015490533562822595,1.0
2019-10-10,118.0,121.85,116.45,117.4,122539.0,-0.005084745762711784,1.0
2019-10-11,117.65,120.05,113.35,114.8,140235.0,-0.022146507666098825,1.0
2019-10-14,115.0,117.7,113.35,115.2,108961.0,0.0034843205574912606,1.0
2019-10-15,115.3,118.0,114.5,115.35,82256.0,0.0013020833333332593,1.0
2019-10-16,115.4,118.95,115.4,116.7,84265.0,0.011703511053316129,1.0
2019-10-17,116.7,122.3,116.25,121.25,146550.0,0.03898886032562121,1.0
2019-10-18,120.8,126.65,120.8,124.2,105573.0,0.02432989690721654,1.0
2019-10-22,124.85,128.9,121.35,123.6,91669.0,-0.004830917874396157,1.0
2019-10-23,122.05,126.4,121.55,124.95,99566.0,0.01092233009708754,1.0
2019-10-24,124.95,127.45,121.05,121.95,75303.0,-0.02400960384153661,1.0
2019-10-25,123.55,123.7,120.7,121.9,51628.0,-0.00041000410004099486,1.0
2019-10-27,120.5,124.35,120.5,122.95,10962.0,0.008613617719442246,1.0
2019-10-29,123.85,127.8,118.2,124.75,151419.0,0.014640097600650659,1.0
2019-10-30,125.4,131.8,124.5,129.2,184759.0,0.035671342685370755,1.0
2019-10-31,129.0,135.85,129.0,132.1,203337.0,0.02244582043343657,1.0
2019-11-01,135.6,136.7,130.15,131.8,113948.0,-0.002271006813020282,1.0
2019-11-04,132.5,134.8,128.6,129.9,113686.0,-0.014415781487101764,1.0
2019-11-05,130.4,131.1,126.5,127.55,55491.0,-0.018090839107005485,1.0
2019-11-06,128.0,146.8,126.55,143.5,1690517.0,0.12504900039200306,1.0
2019-11-07,140.9,143.8,138.0,139.4,332561.0,-0.02857142857142858,1.0
2019-11-08,137.6,146.3,137.05,139.55,431098.0,0.0010760401721665591,1.0
2019-11-11,139.0,142.7,138.0,138.8,138600.0,-0.005374417771408124,1.0
2019-11-13,138.8,140.9,132.35,133.8,135335.0,-0.03602305475504319,1.0
2019-11-14,133.25,136.5,131.45,132.8,136654.0,-0.007473841554558991,1.0
2019-11-15,131.0,133.9,129.1,129.85,95260.0,-0.022213855421686857,1.0
2019-11-18,131.0,131.8,126.2,127.55,93189.0,-0.017712745475548686,1.0
2019-11-19,128.5,133.35,128.1,129.25,150713.0,0.013328106624852953,1.0
2019-11-20,129.5,133.0,128.4,128.85,132297.0,-0.003094777562862694,1.0
2019-11-21,129.45,129.9,126.0,126.5,147676.0,-0.018238261544431422,1.0
2019-11-22,127.4,128.0,125.6,126.9,102272.0,0.003162055335968361,1.0
2019-11-25,127.75,129.15,126.7,127.2,75587.0,0.0023640661938533203,1.0
2019-11-26,127.9,134.8,127.9,130.9,392669.0,0.029088050314465486,1.0
2019-11-27,131.2,142.0,131.2,134.5,557321.0,0.027501909854851014,1.0
2019-11-28,135.0,138.1,132.35,132.8,199790.0,-0.01263940520446083,1.0
2019-11-29,133.3,133.8,129.5,130.35,121698.0,-0.018448795180723065,1.0
2019-12-02,131.0,134.4,128.5,132.95,154043.0,0.019946298427311104,1.0
2019-12-03,135.0,141.3,135.0,137.75,1128764.0,0.036103798420458855,1.0
2019-12-04,136.75,137.7,132.9,135.55,160696.0,-0.015970961887477264,1.0
2019-12-05,136.0,137.9,133.5,134.8,143060.0,-0.005533013648100327,1.0
2019-12-06,135.7,138.8,131.2,132.0,141450.0,-0.020771513353115778,1.0
2019-12-09,133.0,133.3,129.4,129.8,83485.0,-0.016666666666666607,1.0
2019-12-10,129.8,131.8,127.4,128.1,103129.0,-0.013097072419106404,1.0
2019-12-11,127.0,129.15,124.55,125.65,92201.0,-0.0191256830601092,1.0
2019-12-12,126.5,129.3,125.1,126.5,87218.0,0.006764822920811708,1.0
2019-12-13,127.5,128.9,126.35,126.95,104749.0,0.0035573122529644063,1.0
2019-12-16,126.5,128.0,124.75,125.05,89071.0,-0.014966522252855552,1.0
2019-12-17,125.7,129.2,125.5,126.4,143049.0,0.010795681727309159,1.0
2019-12-18,127.0,129.5,124.8,125.75,159473.0,-0.005142405063291222,1.0
2019-12-19,126.45,127.4,125.1,125.85,70745.0,0.0007952286282306709,1.0
2019-12-20,126.5,127.5,125.0,125.35,77520.0,-0.00397298371076682,1.0
2019-12-23,125.95,126.35,123.5,124.1,79952.0,-0.009972078181092914,1.0
2019-12-24,124.65,125.4,123.1,123.65,68871.0,-0.003626107977437454,1.0
2019-12-26,123.95,138.4,123.0,130.85,1364664.0,0.05822887181560854,1.0
2019-12-27,131.5,132.4,128.0,130.15,209354.0,-0.005349636988918549,1.0
2019-12-30,129.9,131.35,127.8,128.55,97589.0,-0.012293507491356048,1.0
2019-12-31,128.0,129.5,127.0,127.3,89717.0,-0.00972384286269945,1.0
2020-01-01,127.5,132.0,127.25,130.4,181774.0,0.024351924587588503,1.0
2020-01-02,131.0,136.0,128.9,133.75,323038.0,0.025690184049079745,1.0
2020-01-03,133.2,137.9,132.45,135.1,323019.0,0.010093457943925133,1.0
2020-01-06,135.4,136.0,128.45,129.4,119342.0,-0.042190969652109445,1.0
2020-01-07,130.15,133.5,127.45,128.45,144722.0,-0.007341576506955327,1.0
2020-01-08,126.4,128.3,124.95,127.4,106627.0,-0.008174386920980825,1.0
2020-01-09,129.0,132.9,128.7,131.75,187358.0,0.03414442700156983,1.0
2020-01-10,132.0,137.4,130.15,130.9,264489.0,-0.006451612903225712,1.0
2020-01-13,131.6,136.4,131.0,134.25,240326.0,0.025592055003819558,1.0
2020-01-14,134.7,139.7,131.9,135.3,412968.0,0.007821229050279488,1.0
2020-01-15,136.1,147.35,135.55,140.85,1310324.0,0.04101995565410177,1.0
2020-01-16,141.1,144.0,137.85,139.5,252876.0,-0.009584664536741228,1.0
2020-01-17,139.4,142.0,136.95,137.8,238300.0,-0.012186379928315283,1.0
2020-01-20,139.05,141.5,136.0,136.45,331257.0,-0.009796806966618443,1.0
2020-01-21,135.8,143.0,134.25,137.5,531954.0,0.007695126419934084,1.0
2020-01-22,139.0,140.05,134.4,134.95,192608.0,-0.018545454545454643,1.0
2020-01-23,135.4,136.7,133.5,135.05,162964.0,0.0007410151908116003,1.0
2020-01-24,135.05,138.2,134.2,135.35,172624.0,0.002221399481673325,1.0
2020-01-27,134.5,136.0,132.6,133.3,143600.0,-0.015145917990395108,1.0
2020-01-28,133.6,134.3,130.2,130.8,150330.0,-0.018754688672168007,1.0
2020-01-29,131.6,133.2,130.4,130.85,119297.0,0.00038226299694166244,1.0
2020-01-30,131.0,131.25,127.1,128.85,122489.0,-0.015284677111196077,1.0
2020-01-31,128.15,129.9,125.5,125.75,107932.0,-0.02405898331393086,1.0
2020-02-01,125.0,130.8,123.25,124.15,156169.0,-0.012723658051689846,1.0
2020-02-03,123.55,125.0,121.15,123.15,167638.0,-0.00805477245267816,1.0
2020-02-04,124.0,127.5,124.0,124.95,141143.0,0.014616321559074219,1.0
2020-02-05,125.85,128.9,125.0,127.1,119128.0,0.017206882753101116,1.0
2020-02-06,126.1,126.1,123.0,124.25,170381.0,-0.022423288749016446,1.0
2020-02-07,125.0,127.4,124.0,125.15,115140.0,0.007243460764587484,1.0
2020-02-10,126.0,126.0,120.1,120.85,131611.0,-0.03435876947662808,1.0
2020-02-11,122.0,122.65,118.0,119.2,131558.0,-0.013653289201489338,1.0
2020-02-12,119.95,121.0,115.8,116.75,139976.0,-0.020553691275167818,1.0
2020-02-13,117.3,117.3,114.15,114.65,88161.0,-0.017987152034261156,1.0
2020-02-14,114.2,124.65,114.2,123.25,471215.0,0.07501090274749234,1.0
2020-02-17,125.5,133.0,125.5,131.0,1622990.0,0.06288032454361048,1.0
2020-02-18,130.9,130.9,125.1,126.2,218629.0,-0.036641221374045796,1.0
2020-02-19,126.8,129.0,124.55,125.25,152596.0,-0.007527733755942956,1.0
2020-02-20,125.8,132.0,124.35,128.3,371612.0,0.02435129740518982,1.0
2020-02-24,126.25,130.0,125.5,127.55,209292.0,-0.005845674201091278,1.0
2020-02-25,129.35,129.35,124.45,125.2,123543.0,-0.018424147393179102,1.0
2020-02-26,125.2,125.55,121.0,121.6,109415.0,-0.028753993610223683,1.0
2020-02-27,121.8,121.8,117.3,119.6,105812.0,-0.016447368421052655,1.0
2020-02-28,115.5,116.45,111.45,113.75,144027.0,-0.048913043478260865,1.0
2020-03-02,113.25,119.0,109.8,111.55,154891.0,-0.019340659340659316,1.0
2020-03-03,112.05,115.7,110.0,113.15,143280.0,0.014343343792021512,1.0
2020-03-04,113.15,114.0,107.0,109.0,136363.0,-0.036676977463544036,1.0
2020-03-05,109.15,114.0,109.0,111.25,139977.0,0.020642201834862428,1.0
2020-03-06,108.1,109.6,104.0,106.05,142903.0,-0.04674157303370785,1.0
2020-03-09,100.05,104.0,95.2,96.9,243129.0,-0.08628005657708615,1.0
2020-03-11,98.0,99.5,96.05,96.5,159417.0,-0.0041279669762642746,1.0
2020-03-12,91.0,93.85,84.0,85.05,238565.0,-0.11865284974093271,1.0
2020-03-13,81.1,89.7,68.05,84.95,173769.0,-0.0011757789535566943,1.0
2020-03-16,82.9,83.8,76.35,78.05,175447.0,-0.08122424955856389,1.0
2020-03-17,78.5,82.05,75.4,76.25,143382.0,-0.023062139654067892,1.0
2020-03-18,78.95,78.95,66.0,68.9,255090.0,-0.0963934426229508,1.0
2020-03-19,66.85,75.0,63.1,71.8,221743.0,0.04208998548621179,1.0
2020-03-20,71.8,85.8,68.7,78.45,363202.0,0.09261838440111436,1.0
2020-03-23,74.0,82.0,67.05,68.45,122693.0,-0.1274697259400892,1.0
2020-03-24,71.05,74.7,66.05,68.75,110919.0,0.0043827611395179655,1.0
2020-03-25,68.75,72.9,65.25,71.35,115641.0,0.03781818181818175,1.0
2020-03-26,71.4,78.0,71.1,74.5,121648.0,0.04414856341976181,1.0
2020-03-27,77.5,79.65,70.55,71.95,165724.0,-0.03422818791946303,1.0
2020-03-30,71.9,71.9,65.15,70.15,120411.0,-0.025017373175816537,1.0
2020-03-31,72.8,83.0,70.75,80.85,537250.0,0.1525302922309335,1.0
2020-04-01,82.8,89.9,79.0,81.8,451329.0,0.011750154607297558,1.0
2020-04-03,80.75,87.0,80.5,84.9,297694.0,0.03789731051344747,1.0
2020-04-07,86.55,99.0,85.05,94.0,711868.0,0.10718492343934027,1.0
2020-04-08,93.4,99.9,92.0,93.35,362215.0,-0.006914893617021356,1.0
2020-04-09,94.0,96.0,91.0,92.4,139011.0,-0.010176754151044354,1.0
2020-04-13,92.0,92.0,87.0,89.45,104155.0,-0.031926406926406914,1.0
2020-04-15,90.3,97.0,90.1,91.45,109456.0,0.02235885969815543,1.0
2020-04-16,93.45,103.6,90.0,100.45,626335.0,0.0984144341170039,1.0
2020-04-17,103.0,104.7,100.0,101.85,178797.0,0.013937282229965042,1.0
2020-04-20,101.7,103.4,98.7,100.85,106359.0,-0.009818360333824216,1.0
2020-04-21,98.0,104.65,95.2,97.05,184422.0,-0.03767972235994044,1.0
2020-04-22,97.05,112.5,97.05,107.4,1243908.0,0.10664605873261213,1.0
2020-04-23,109.35,111.7,105.3,106.15,299197.0,-0.011638733705772841,1.0
2020-04-24,101.8,106.6,101.5,102.25,145857.0,-0.03674046161092803,1.0
2020-04-27,104.35,122.7,103.35,119.5,3283267.0,0.16870415647921755,1.0
2020-04-28,119.75,119.75,113.25,115.2,499784.0,-0.035983263598326376,1.0
2020-04-29,117.0,123.0,115.6,118.5,501391.0,0.02864583333333326,1.0
2020-04-30,122.0,124.4,117.0,117.6,421083.0,-0.0075949367088608,1.0
2020-05-04,113.5,115.25,110.05,111.8,254463.0,-0.04931972789115646,1.0
2020-05-05,118.8,119.8,113.5,114.05,550708.0,0.02012522361359581,1.0
2020-05-06,114.0,118.9,108.4,116.1,438026.0,0.017974572555896406,1.0
2020-05-07,118.4,118.9,115.25,116.05,263322.0,-0.00043066322136087187,1.0
2020-05-08,117.9,120.55,113.55,114.55,434706.0,-0.01292546316243004,1.0
2020-05-11,115.55,117.45,112.35,113.25,200725.0,-0.011348756001745897,1.0
2020-05-12,113.25,114.7,110.5,111.3,236578.0,-0.017218543046357615,1.0
2020-05-13,118.0,118.0,112.95,113.85,201685.0,0.022911051212938016,1.0
2020-05-14,111.5,113.45,109.35,110.7,143916.0,-0.02766798418972327,1.0
2020-05-15,110.7,111.95,107.4,108.35,189859.0,-0.021228545618789618,1.0
2020-05-18,109.25,109.25,102.7,104.55,147457.0,-0.03507152745731423,1.0
2020-05-19,106.1,111.0,105.4,106.35,190879.0,0.017216642754662725,1.0
2020-05-20,106.9,109.15,105.9,107.75,77128.0,0.01316408086506815,1.0
2020-05-21,110.4,117.0,109.6,115.75,496992.0,0.07424593967517401,1.0
2020-05-22,107.0,107.0,103.0,103.6,823937.0,-0.10496760259179272,1.0
2020-05-26,104.1,105.3,100.0,100.9,224714.0,-0.026061776061775954,1.0
2020-05-27,100.9,101.4,98.0,99.65,203239.0,-0.012388503468780954,1.0
2020-05-28,100.0,103.4,99.8,102.15,175998.0,0.025087807325639755,1.0
2020-05-29,102.0,106.0,101.75,102.6,190129.0,0.004405286343612147,1.0
2020-06-01,103.6,105.4,103.05,103.4,188177.0,0.007797270955165914,1.0
2020-06-02,104.1,107.0,103.9,105.65,298687.0,0.021760154738878157,1.0
2020-06-03,106.2,107.9,105.2,106.05,272824.0,0.003786086133459543,1.0
2020-06-04,105.6,107.35,103.2,103.9,148452.0,-0.020273455917020233,1.0
2020-06-05,105.4,106.5,103.9,105.35,224933.0,0.013955726660250134,1.0
2020-06-08,107.0,113.0,106.45,109.45,672282.0,0.03891789273849078,1.0
2020-06-09,109.45,112.75,105.0,105.9,312400.0,-0.03243490178163544,1.0
2020-06-10,107.5,109.45,105.0,106.75,133324.0,0.00802644003777142,1.0
2020-06-11,106.9,108.2,104.0,104.7,112790.0,-0.01920374707259953,1.0
2020-06-12,101.5,104.65,100.2,103.85,126126.0,-0.008118433619866416,1.0
2020-06-15,104.25,104.7,102.0,102.75,78732.0,-0.010592200288878084,1.0
2020-06-16,105.3,113.4,102.5,107.95,929106.0,0.050608272506082796,1.0
2020-06-17,107.3,113.9,106.5,109.7,920189.0,0.01621120889300598,1.0
2020-06-18,109.6,113.0,109.0,111.15,276748.0,0.013217866909753795,1.0
2020-06-19,112.0,113.0,109.1,109.85,173369.0,-0.011695906432748648,1.0
2020-06-22,110.2,112.2,108.3,109.4,186359.0,-0.004096495220755503,1.0
2020-06-23,109.95,120.0,109.95,115.25,1086393.0,0.053473491773308846,1.0
2020-06-24,116.9,118.5,110.1,110.5,337394.0,-0.041214750542299394,1.0
2020-06-25,114.0,125.7,113.6,119.5,2688318.0,0.08144796380090491,1.0
2020-06-26,119.2,124.85,117.25,119.05,858430.0,-0.003765690376569042,1.0
2020-06-29,118.1,121.4,115.75,116.45,331089.0,-0.021839563208735813,1.0
2020-06-30,117.8,119.45,114.75,115.8,238952.0,-0.005581794761700398,1.0
2020-07-01,116.6,117.45,114.45,114.95,144025.0,-0.0073402417962002975,1.0
2020-07-02,115.2,116.75,114.5,115.8,125096.0,0.007394519356241691,1.0
2020-07-03,116.65,116.8,113.75,114.05,127504.0,-0.015112262521588926,1.0
2020-07-06,114.6,119.45,114.6,117.95,317613.0,0.03419552827707162,1.0
2020-07-07,117.95,119.7,115.05,116.05,167224.0,-0.016108520559559136,1.0
2020-07-08,116.65,121.6,116.25,116.95,975715.0,0.007755277897458113,1.0
2020-07-09,117.55,118.45,115.0,115.4,173317.0,-0.013253527148353927,1.0
2020-07-10,115.4,117.5,113.1,113.6,182008.0,-0.015597920277296451,1.0
2020-07-13,114.85,117.0,113.4,114.05,371666.0,0.003961267605633756,1.0
2020-07-14,113.7,115.0,110.7,111.35,210556.0,-0.023673827268741787,1.0
2020-07-15,112.6,116.95,112.1,112.9,698041.0,0.013920071845532123,1.0
2020-07-16,115.7,116.0,112.1,112.65,419268.0,-0.0022143489813994943,1.0
2020-07-17,113.5,114.55,111.55,111.8,247868.0,-0.007545494895694671,1.0
2020-07-20,113.5,124.85,111.7,122.6,3707115.0,0.09660107334525936,1.0
2020-07-21,126.0,127.4,118.3,120.8,2784125.0,-0.014681892332789492,1.0
2020-07-22,121.3,121.4,116.65,117.05,452728.0,-0.0310430463576159,1.0
2020-07-23,117.65,121.9,117.55,118.05,562025.0,0.008543357539513075,1.0
2020-07-24,117.5,120.95,116.25,117.25,294376.0,-0.006776789495976265,1.0
2020-07-27,117.25,118.2,112.1,112.85,256392.0,-0.03752665245202569,1.0
2020-07-28,113.35,115.7,113.0,114.0,220202.0,0.010190518387239722,1.0
2020-07-29,114.3,115.8,112.55,112.9,233786.0,-0.009649122807017463,1.0
2020-07-30,113.8,114.75,111.2,111.65,187453.0,-0.01107174490699736,1.0
2020-07-31,112.9,112.9,110.1,110.55,158391.0,-0.009852216748768572,1.0
2020-08-03,110.8,112.95,109.95,111.25,224347.0,0.006331976481230184,1.0
2020-08-04,111.5,113.85,111.1,112.2,217196.0,0.008539325842696677,1.0
2020-08-05,112.95,116.8,112.4,114.6,394072.0,0.021390374331550666,1.0
2020-08-06,114.85,121.65,113.65,120.7,1084869.0,0.05322862129144856,1.0
2020-08-07,126.5,127.7,122.8,124.25,2151560.0,0.02941176470588225,1.0
2020-08-10,124.5,130.5,124.0,127.45,1285934.0,0.02575452716297799,1.0
2020-08-11,131.75,135.075,128.625,130.8,1483996.0,-0.010060147513816786,1.0
2020-08-12,139.0,139.65,133.25,134.15,1682058.0,-0.045874822190611564,1.0
2020-08-13,135.1,137.45,130.05,131.05,843120.0,-0.023108460678345044,1.0
2020-08-14,131.7,133.45,124.0,126.8,567555.0,-0.03243037008775285,1.0
2020-08-17,128.5,133.5,127.5,129.75,734465.0,0.023264984227129304,1.0
2020-08-18,130.7,132.85,129.9,131.8,414887.0,0.01579961464354529,1.0
2020-08-19,132.7,133.35,130.0,130.35,332828.0,-0.011001517450683007,1.0
2020-08-20,128.55,130.95,127.35,128.5,322087.0,-0.014192558496355923,1.0
2020-08-21,130.0,137.9,128.95,134.7,1114203.0,0.048249027237353914,1.0
2020-08-24,137.7,140.75,136.55,138.3,930703.0,0.02672605790645899,1.0
2020-08-25,139.0,139.65,134.2,135.45,346120.0,-0.020607375271149864,1.0
2020-08-26,136.2,139.45,135.0,136.3,334855.0,0.006275378368401752,1.0
2020-08-27,137.4,137.65,134.25,134.8,319491.0,-0.011005135730007387,1.0
2020-08-28,135.45,136.35,132.5,133.0,222950.0,-0.01335311572700304,1.0
2020-08-31,134.05,135.6,124.05,125.8,328564.0,-0.0541353383458647,1.0
2020-09-01,125.95,127.5,123.0,125.85,123836.0,0.0003974562798092496,1.0
2020-09-02,126.0,129.45,125.25,128.3,130315.0,0.019467620182757495,1.0
2020-09-03,128.4,130.2,127.0,127.9,94687.0,-0.003117692907248726,1.0
2020-09-04,125.35,126.9,120.35,124.9,140367.0,-0.023455824863174324,1.0
2020-09-07,130.0,131.6,127.0,128.35,333728.0,0.0276220976781425,1.0
2020-09-08,127.9,136.0,127.0,128.35,678931.0,0.0,1.0
2020-09-09,126.7,128.5,124.5,126.6,210032.0,-0.013634592910011678,1.0
2020-09-10,128.6,130.9,126.7,127.15,195996.0,0.004344391785150226,1.0
2020-09-11,127.5,133.45,126.5,132.1,347423.0,0.03893039716869828,1.0
2020-09-14,134.45,143.9,133.2,140.9,2061701.0,0.06661619984859968,1.0
2020-09-15,141.8,158.5,139.8,156.05,4051132.0,0.10752306600425832,1.0
2020-09-16,155.95,162.8,153.15,155.6,2529782.0,-0.002883691124639598,1.0
2020-09-17,153.95,156.35,151.5,153.6,791400.0,-0.01285347043701801,1.0
2020-09-18,155.45,158.0,150.3,154.3,668785.0,0.004557291666666741,1.0
2020-09-21,156.7,161.5,144.5,148.25,1071609.0,-0.039209332469215874,1.0
2020-09-22,150.0,150.5,138.1,146.2,736363.0,-0.01382799325463746,1.0
2020-09-23,146.8,155.45,146.8,151.1,931201.0,0.03351573187414503,1.0
2020-09-24,148.0,150.35,145.45,146.45,403720.0,-0.03077432164129723,1.0
2020-09-25,148.0,150.5,144.3,148.1,701632.0,0.011266643905770035,1.0
2020-09-28,149.15,163.7,149.15,162.05,2589453.0,0.09419311276164755,1.0
2020-09-29,164.7,168.0,158.25,162.25,1702372.0,0.001234186979327312,1.0
2020-09-30,162.2,162.75,157.1,158.05,458097.0,-0.025885978428351275,1.0
2020-10-01,158.95,162.4,155.55,160.45,627853.0,0.015185068016450254,1.0
2020-10-05,164.0,173.7,164.0,170.65,2453076.0,0.06357120598317234,1.0
2020-10-06,174.0,177.8,170.0,171.8,2039454.0,0.006738939349545836,1.0
2020-10-07,171.0,171.7,166.15,168.05,620870.0,-0.021827706635622834,1.0
2020-10-08,170.0,175.0,167.15,168.75,612893.0,0.004165426956262985,1.0
2020-10-09,169.0,169.8,164.25,167.3,597424.0,-0.008592592592592485,1.0
2020-10-12,168.05,168.65,158.0,159.85,509827.0,-0.04453078302450697,1.0
2020-10-13,159.5,171.4,159.5,168.0,765077.0,0.050985298717547645,1.0
2020-10-14,169.9,183.3,167.9,177.95,3894107.0,0.05922619047619038,1.0
2020-10-15,176.95,180.0,169.1,170.55,966724.0,-0.04158471480753012,1.0
2020-10-16,171.0,175.5,165.0,174.3,719651.0,0.021987686895338587,1.0
2020-10-19,175.5,175.5,170.1,171.3,297386.0,-0.01721170395869187,1.0
2020-10-20,170.0,173.75,169.6,172.2,377317.0,0.005253940455341333,1.0
2020-10-21,172.7,173.75,167.35,168.9,346112.0,-0.019163763066202044,1.0
2020-10-22,166.35,173.25,166.35,170.1,430023.0,0.007104795737122416,1.0
2020-10-23,170.9,172.9,167.3,168.55,259808.0,-0.009112286890064603,1.0
2020-10-26,167.15,170.4,163.5,164.9,242105.0,-0.0216552951646396,1.0
2020-10-27,164.95,169.6,163.25,166.3,353744.0,0.008489993935718587,1.0
2020-10-28,166.3,170.3,164.05,165.15,471840.0,-0.006915213469633197,1.0
2020-10-29,164.0,165.0,160.0,160.55,254864.0,-0.027853466545564642,1.0
2020-10-30,160.95,164.4,158.6,161.35,291604.0,0.004982871379632492,1.0
2020-11-02,162.4,162.75,157.4,158.55,175678.0,-0.017353579175704903,1.0
2020-11-03,160.0,164.8,159.65,160.2,229212.0,0.010406811731314969,1.0
2020-11-04,160.8,164.0,160.1,162.05,160075.0,0.01154806491885152,1.0
2020-11-05,163.05,165.75,162.45,164.05,184159.0,0.012341869793273785,1.0
2020-11-06,165.75,171.0,164.1,166.8,542111.0,0.01676318195672044,1.0
2020-11-09,168.05,168.05,157.15,157.85,702210.0,-0.05365707434052769,1.0
2020-11-10,158.0,159.4,150.15,150.7,465457.0,-0.04529616724738683,1.0
2020-11-11,151.1,154.85,151.0,154.1,321021.0,0.022561380225613936,1.0
2020-11-12,155.0,156.05,153.5,154.8,208978.0,0.00454250486696961,1.0
2020-11-13,154.95,155.45,152.55,153.25,160719.0,-0.010012919896640882,1.0
2020-11-14,154.45,157.2,153.7,156.25,86110.0,0.019575856443719397,1.0
2020-11-17,156.8,156.8,153.2,153.9,180407.0,-0.015039999999999942,1.0
2020-11-18,154.5,155.0,152.05,152.75,197331.0,-0.007472384665367149,1.0
2020-11-19,152.95,155.15,150.0,150.65,282218.0,-0.013747954173486066,1.0
2020-11-20,153.3,155.0,151.05,151.55,261981.0,0.0059741121805509945,1.0
2020-11-23,153.9,156.0,150.6,154.8,296279.0,0.02144506763444398,1.0
2020-11-24,156.5,157.5,153.35,154.15,242938.0,-0.004198966408268778,1.0
2020-11-25,155.1,156.0,151.7,152.05,196692.0,-0.013623094388582557,1.0
2020-11-26,152.15,154.95,151.6,154.05,245390.0,0.013153567905294317,1.0
2020-11-27,157.9,158.8,155.0,155.5,285129.0,0.009412528399870057,1.0
2020-12-01,155.95,163.9,155.0,158.8,538940.0,0.021221864951768588,1.0
2020-12-02,158.95,162.0,157.7,158.6,273653.0,-0.0012594458438288658,1.0
2020-12-03,158.6,163.2,158.6,160.15,352825.0,0.009773013871374525,1.0
2020-12-04,160.9,164.9,160.0,161.15,510512.0,0.0062441461130189335,1.0
2020-12-07,161.95,164.7,161.6,162.1,275715.0,0.0058951287620228054,1.0
2020-12-08,162.85,167.95,160.0,161.85,677050.0,-0.0015422578655150954,1.0
2020-12-09,163.75,163.75,160.2,160.65,166465.0,-0.007414272474513317,1.0
2020-12-10,160.65,160.65,155.3,157.6,193901.0,-0.018985371926548478,1.0
2020-12-11,157.85,160.85,156.0,157.1,131875.0,-0.0031725888324872775,1.0
2020-12-14,157.8,163.4,157.5,162.0,432641.0,0.031190324633991073,1.0
2020-12-15,163.0,163.25,158.5,159.9,180846.0,-0.012962962962962954,1.0
2020-12-16,160.65,162.9,159.55,160.25,167080.0,0.002188868042526604,1.0
2020-12-17,161.0,167.45,159.0,161.7,744449.0,0.009048361934477223,1.0
2020-12-18,163.3,163.5,157.5,159.3,221843.0,-0.014842300556586085,1.0
2020-12-21,159.9,165.75,146.05,149.75,571335.0,-0.05994978028876341,1.0
2020-12-22,149.0,155.6,144.0,153.7,278447.0,0.026377295492487463,1.0
2020-12-23,154.8,161.5,153.4,159.65,452585.0,0.03871177618737809,1.0
2020-12-24,160.5,162.9,158.1,158.9,267856.0,-0.00469777638584401,1.0
2020-12-28,160.3,164.5,159.6,161.0,284389.0,0.013215859030836885,1.0
2020-12-29,161.5,180.9,158.25,176.4,4233305.0,0.09565217391304359,1.0
2020-12-30,180.0,182.8,174.1,175.05,1969709.0,-0.007653061224489721,1.0
2020-12-31,174.0,176.9,172.0,172.65,424278.0,-0.01371036846615259,1.0
2021-01-01,172.65,176.0,172.15,172.8,374221.0,0.0008688097306690512,1.0
2021-01-04,173.15,175.45,169.65,172.55,419540.0,-0.0014467592592593004,1.0
2021-01-05,169.8,175.9,168.35,171.85,518246.0,-0.0040567951318459805,1.0
2021-01-06,172.0,177.3,168.8,171.15,670893.0,-0.004073319755600768,1.0
2021-01-07,172.05,175.4,170.5,171.3,432521.0,0.0008764241893075564,1.0
2021-01-08,172.7,175.0,171.15,172.1,358190.0,0.004670169293636839,1.0
2021-01-11,173.0,173.9,168.3,168.9,271903.0,-0.01859384079023818,1.0
2021-01-12,169.8,172.5,168.0,168.7,248080.0,-0.001184132622853884,1.0
2021-01-13,169.5,171.3,165.8,167.85,199965.0,-0.005038529934795477,1.0
